wdid,name,icrsra,icrsdec,spectype,teff,logg,Dpc,V,su
GD 50,Gaia EDR3 3251244858154433536,03 48 50.28,-00 58 34.90,DA,37537.0,9.093,31.04,13.99,13.396
V* CL Oct,Gaia EDR3 4613612951211823104,03 17 14.83,-85 32 25.75,DA,33000.0,,29.38,13.66,
WD 1658+440,Gaia EDR3 1358301480583401728,16 59 48.38,44 01 05.62,DAH,28169.0,9.186,31.65,15.02,14.321
EGGR 70,Gaia EDR3 3754712881779364992,10 33 42.39,-11 41 38.79,DA,26310.0,7.92,35.72,13.0,
* alf CMa B,Gaia EDR3 2947050466531873024,06 45 08.79,-16 43 15.36,DA,26083.0,8.61,2.67,8.44,
CD-38 10980,Gaia EDR3 6018034958869558912,16 23 33.94,-39 13 46.15,DA,25954.0,7.96,12.91,11.04,
2MASS J19200281-3611025,Gaia EDR3 6742379406616165376,19 20 02.97,-36 11 04.75,DB,25383.0,7.86,37.13,13.6,
WD J0902-041,Gaia EDR3 5762406957886626816,09 02 17.29,-04 06 55.38,DA,24550.0,7.89,37.92,12.4,
Gaia DR2 2024985481361040384,Gaia EDR3 2024985481361040384,19 36 18.57,26 32 55.73,DA,24380.2707,8.529566,30.14,,
LAMOST J053931.86+285456.66,LAMOST J053931.86+285456.66,05 39 31.86,28 54 56.66,DA,23865.0,8.63,15.0,,
LAMOST J063517.47+054917.94,LAMOST J063517.47+054917.94,06 35 17.47,05 49 17.94,DA,22885.0,7.48,38.0,,
GD 125,Gaia EDR3 730459763934332416,10 54 43.14,27 06 56.50,DA,22580.8799,8.393396,37.75,14.12,13.86
V* V727 Car,Gaia EDR3 5231870985222281088,10 44 09.35,-69 18 17.82,DA,22570.0,7.84,29.26,13.09,
Gaia DR2 4590489981163833984,Gaia EDR3 4590489981163833984,18 09 19.54,29 57 22.04,DA,22514.6663,8.384231,24.45,,
V* BV Cet,Gaia EDR3 2377863773908424448,00 43 45.82,-10 00 27.17,DBA,22247.0,8.93,31.13,,14.242
Gaia DR2 406775841506041344,Gaia EDR3 406775841506041344,01 29 24.05,51 08 45.20,DA,21853.3206,7.998572,38.37,13.536,13.309
GD 140,Gaia EDR3 4019458647338779648,11 37 04.92,29 47 58.09,DA,21827.0,8.549,15.69,12.49,12.29
Gaia DR2 5473389537569200896,Gaia EDR3 5473389537569200896,10 10 47.78,-24 27 11.79,DC,21770.0,8.918,39.70,15.2,
NAME H PER1166,Gaia EDR3 458558784733311232,02 17 33.86,57 06 46.97,DA,21463.6335,7.987181,39.75,,
LAWD 23,Gaia EDR3 943770757800160384,06 47 37.68,37 30 42.06,DA,21161.0,8.187,17.08,12.06,12.069
LAMOST J054613.53+255031.70,LAMOST J054613.52+255031.7,05 46 13.53,25 50 31.70,DA,20760.0,7.95,27.0,,
LAWD 52,Gaia EDR3 1686708050268594944,13 38 49.21,70 17 07.25,DAZ,20622.7009,7.948771,26.50,12.77,
WD 0525+526,Gaia EDR3 263082591016645504,05 29 50.89,52 39 44.62,DA,20617.5843,9.09628,39.12,,
GD 462,Gaia EDR3 1053211437944753024,10 09 36.12,63 58 36.02,DA,20305.0,8.006,39.40,13.692,13.614
HD 340611,Gaia EDR3 1831553382794173824,20 34 21.41,25 03 40.74,DA,20295.1236,7.945533,14.83,11.55,
Gaia DR2 4314903198513595776,Gaia EDR3 4314903198513595776,19 29 38.67,11 17 53.97,DA,20220.0013,7.936906,36.60,,
LAMOST J033149.69+305944.92,LAMOST J033149.68+305944.9,03 31 49.69,30 59 44.92,DA,20152.0,8.57,25.0,,
L 270-31,Gaia EDR3 5945252202546434432,17 47 47.01,-52 07 12.60,DA,20000.0,8.0,38.92,15.62,
PG 0945+246,Gaia EDR3 643183348419998336,09 48 46.56,24 21 24.15,DA+DAXP,19678.0,8.378,36.20,14.25,14.036
EGGR 57,Gaia EDR3 5725503293214289280,07 55 08.88,-14 45 55.91,DA,19440.0,7.92,39.14,13.56,
LP 426-26,Gaia EDR3 6578616598584224640,21 38 49.29,-40 41 26.93,DA,19211.0,7.959,32.43,13.49,
WD 2051-208,Gaia EDR3 6857295585945072128,20 54 42.88,-20 39 25.76,DA,19083.0,9.012,31.28,15.06,
LAMOST J033253.91+284006.9,LAMOST J033253.91+284006.9,03 32 53.91,28 40 06.91,MagneticWD,19000.0,9.84,27.0,,
GD 419,Gaia EDR3 572487740053132288,01 41 27.65,83 35 00.19,DA,18925.3485,8.047664,27.10,,
V* EG UMa,Gaia EDR3 1548104507825815296,12 15 43.94,52 30 59.18,DA+dM,18840.0,8.3,28.61,13.23,14.672
LAWD 11,Gaia EDR3 104648944047154432,02 08 47.71,25 14 08.05,DA,18836.0,7.566,39.08,,13.331
Feige 22,Gaia EDR3 2516322146457318144,02 30 16.71,05 15 50.30,DA,18372.0,7.848,26.52,12.78,12.758
WD 1049-158,Gaia EDR3 3557394009663078912,10 52 20.36,-16 08 03.60,DA,18085.0,8.321,38.69,14.357,
GJ 799.1,Gaia EDR3 6857939315643803776,20 42 35.16,-20 04 37.47,DA,17872.0,7.837,21.77,12.4,
EGGR 75,Gaia EDR3 861050512312844672,11 07 42.36,59 58 26.99,DA,17766.0,8.089,34.49,13.74,13.79
GJ 838.4,Gaia EDR3 2693940725141960192,21 52 25.40,02 23 14.77,DA,17753.0,8.065,22.56,12.74,13.845
GD 229,Gaia EDR3 2053953008490747392,20 12 22.31,31 13 50.36,DBP,17663.2014,8.848097,30.76,14.85,14.26
LAWD 88,Gaia EDR3 2300234782654298624,21 33 45.81,83 03 41.51,DA,17312.3009,7.922936,26.42,,
NLTT 47551,Gaia EDR3 2140481412496465152,19 12 48.83,53 43 15.62,DA,17310.2825,8.298696,22.17,13.18,
Ton S 56,MCT 2231-2935,22 34 26.97,-29 19 45.16,DA,17284.0,8.195,0.0,15.71,
Gaia DR2 3209308900555979776,Gaia EDR3 3209308900555979776,05 24 36.26,-05 35 12.84,DA,17233.0,8.023,35.74,13.89,13.862
V* UZ Sex,Gaia EDR3 3831059120921201280,10 28 34.93,-00 00 30.60,DA+M,17210.0,7.96,40.00,13.88,14.486
EGGR 314,Gaia EDR3 452244667407804800,02 36 19.88,52 44 09.75,DA,17152.9778,8.322069,28.84,,
Gaia DR2 4604247070649603584,Gaia EDR3 4604247070649603584,17 53 52.11,33 06 23.12,DA,17123.3011,7.986772,35.70,13.24,
EGGR 140,Gaia EDR3 6424566979354709248,20 44 21.98,-68 05 25.01,DA,17105.0,8.59,19.57,13.25,
* omi02 Eri B,40 Eri B,04 15 21.36,-07 39 21.60,DA,17099.0,7.95,4.98,9.52,
Lan 51,Gaia EDR3 2176116580055936512,21 18 56.11,54 12 44.34,DA,16533.0,8.164,17.31,12.35,13.381
NAME CASE 3,Gaia EDR3 1923682286712356992,23 31 36.03,41 01 29.11,DA,16370.3216,7.980926,35.69,,
G 233-2,Gaia EDR3 2198431172852758656,22 11 54.37,56 49 48.83,DA,16361.1414,8.052765,37.83,12.78,
WD 2306-220,Gaia EDR3 2386223463892847872,23 08 41.12,-21 45 01.16,DA3.0,16285.0,7.86,32.77,,
GALEX J081237.8+173701,Gaia EDR3 657056745624156416,08 12 37.89,17 37 00.03,DA,16273.0,8.075,27.04,13.46,14.01
CPD-69 177,Gaia EDR3 4646535078125821568,03 10 31.14,-68 36 05.03,DA,16246.0,8.14,10.40,11.38,
EGGR 185,Gaia EDR3 4021565827014024576,11 45 56.48,31 49 26.49,DA,16053.0,8.026,31.33,13.65,13.772
GJ 2147,Gaia EDR3 6749419923164242816,20 10 56.43,-30 13 10.62,DA,16041.0,7.95,16.21,12.24,
WD 0615-59,Gaia EDR3 5482551252566796928,06 16 14.16,-59 12 32.40,DB,15746.0,8.04,36.06,14.09,
EGGR 370,Gaia EDR3 1638563322306634368,17 13 05.92,69 31 20.02,DA,15664.5307,7.99761,26.25,,13.434
LAWD 24,Gaia EDR3 5536077746353130240,07 33 37.91,-42 53 46.42,DA,15570.0,8.12,33.70,14.16,
LAWD 86,Gaia EDR3 2274076297221555968,21 26 57.87,73 38 39.64,DA,15553.0,7.945,22.23,12.88,13.311
Gaia DR2 5753337533146097280,Gaia EDR3 5753337533146097280,08 25 32.28,-07 28 22.70,DA,15550.0,7.97,35.48,13.91,
BPM 24602,Gaia EDR3 5923906524348891904,17 02 56.33,-53 14 38.92,DA,15507.0,8.07,26.69,13.47,
WD 0415-594,Gaia EDR3 4678664766393827328,04 16 29.95,-59 17 59.99,DA,15424.0,7.98,18.32,12.5,
WD 0034-602,Gaia EDR3 4906743988126708992,00 36 22.85,-59 55 25.57,DA,15239.0,8.64,22.93,14.08,
Gaia DR2 6963383233077632,Gaia EDR3 6963383233077632,03 03 50.81,06 07 49.62,DX,15150.282,8.729013,31.32,,14.784
EGGR 76,Gaia EDR3 3788194488314248832,11 07 59.89,-05 09 33.12,DA,15141.0,7.85,24.82,12.92,
GD 219,Gaia EDR3 4319908862597055232,19 21 40.38,14 40 40.19,DA,15135.0994,8.15305,19.88,13.0,13.51
PG 1601+581,Gaia EDR3 1622697949337226112,16 02 41.95,57 58 16.16,DA,15002.0,7.967,32.36,14.3,14.41
LAWD 33,Gaia EDR3 5353122722363361920,10 55 12.89,-55 19 01.16,DA,14770.0,8.0,35.35,14.32,
WD 0503+147,Gaia EDR3 3392181976588782336,05 06 15.82,14 48 28.98,DBA,14760.9095,7.920862,38.58,13.8,14.958
GD 178,Gaia EDR3 1276688069644366592,15 11 27.42,32 04 18.90,DA,14734.0,8.091,34.15,,14.478
GD 194,Gaia EDR3 1202826348825240832,15 52 26.20,18 10 20.56,DA,14734.0,8.41,36.87,14.83,15.221
GJ 2076,Gaia EDR3 5242316444456199808,09 55 22.45,-71 18 10.04,DA,14730.0,7.8,30.55,13.48,
BD-07 3632,Gaia EDR3 3630035787972473600,13 30 12.44,-08 34 37.03,DA,14714.0,8.0,16.09,12.33,
GJ 4165,Gaia EDR3 1871118140493076224,20 49 06.92,37 28 16.42,DAP,14709.7569,8.303838,17.59,13.0,
GD 89,Gaia EDR3 926002203218885504,07 47 25.74,44 08 45.68,DA,14704.0,8.42,38.33,,15.038
HZ 4,Gaia EDR3 3302846072717868416,03 55 22.18,09 47 18.05,DA,14638.8898,8.306858,34.98,14.47,
WD 1319+466,Gaia EDR3 1551062778220116992,13 21 14.74,46 23 25.00,DA,14573.4585,8.373724,32.88,14.55,14.7
WD 0701-58,Gaia EDR3 5480556532316697216,07 02 19.62,-58 50 05.79,DA,14560.0,8.56,29.39,14.46,
GD 279,Gaia EDR3 356922880493142016,01 52 02.97,47 00 08.60,DA,14335.4305,8.003674,16.51,12.44,
GD 86,Gaia EDR3 976040702520790400,07 34 27.25,48 41 12.19,DA,14244.8303,8.609585,32.51,,
GD 1192,MCT 2333-1634,23 35 36.72,-16 17 45.93,DA,14236.0,8.09,24.0,13.57,
GD 64,Gaia EDR3 201881364339401728,04 57 22.57,41 55 53.06,DA,14150.2802,7.785325,38.11,13.976,
GD 325,Gaia EDR3 1552488776081383040,13 36 01.61,48 28 45.56,DB+dM,14066.1308,7.884304,36.86,14.02,13.87
WD 1344+572,Gaia EDR3 1658578797618935680,13 46 01.68,57 00 35.82,DA,14059.0,8.052,24.97,13.3,13.718
EGGR 67,Gaia EDR3 820105214691139584,09 46 39.07,43 54 56.83,DA,13954.0,7.564,32.03,13.29,14.887
WD 1105-340,Gaia EDR3 5401688425816913920,11 07 47.95,-34 20 55.70,DA,13891.0,8.06,26.18,13.66,
EGGR 508,Gaia EDR3 2414888694102153088,00 03 31.90,-16 43 58.40,DBA,13880.0,8.63,38.08,14.69,
HE 0426-0455,Gaia EDR3 3202808828330265088,04 29 26.17,-04 48 44.64,DA,13846.0,8.051,39.34,14.45,14.696
GD 408,Gaia EDR3 537563127588521600,00 05 07.52,73 13 11.34,DBAZ,13701.674,8.074401,34.50,14.33,
EGGR 130,Gaia EDR3 4320094439580536320,19 13 38.69,13 36 24.47,DA,13645.8676,7.972408,33.73,14.0,
Wolf 226,Gaia EDR3 243645699341060608,03 47 22.19,43 58 58.40,DA,13619.8983,8.004828,31.91,,
EGGR 576,Gaia EDR3 1408135749896103936,17 05 31.00,48 03 09.14,DA,13545.0,8.04,39.45,13.8,14.771
WD 0311-649,Gaia EDR3 4672306015773211008,03 12 26.13,-64 44 11.51,DA,13135.0,7.83,36.59,13.28,
HS 1544+3800,Gaia EDR3 1376326912864142336,15 46 05.34,37 51 27.72,DA,13065.0,8.05,37.48,14.46,14.758
WD 0145+234,Gaia EDR3 291057843317534464,01 47 54.81,23 39 42.04,DA,13023.014,8.088387,29.43,14.19,14.385
EGGR 30,Gaia EDR3 46896958359881728,04 10 10.40,18 02 22.43,DA,12958.2944,7.999732,34.11,14.14,
Gaia DR2 2587268134239449728,Gaia EDR3 2587268134239449728,01 28 33.85,13 51 21.21,DA,12877.0,7.897,37.64,,14.596
GJ 2131 B,Gaia EDR3 4149820323678136192,17 45 54.62,-13 17 53.84,DA,12850.0,8.0,38.80,14.22,
Ross 198,Gaia EDR3 2177776331525931136,21 26 25.96,55 13 35.42,DA,12798.1357,8.366084,33.72,14.75,
GD 283,Gaia EDR3 457817164137702784,02 35 31.09,57 15 23.97,DA,12689.6384,8.055016,26.66,13.68,
EGGR 162,Gaia EDR3 2871730307948650368,23 43 50.45,32 32 45.77,DA,12674.0,8.008,18.60,12.93,14.301
GD 31,Gaia EDR3 2488960249844340352,02 34 07.99,-05 11 37.86,DA,12635.0,8.554,24.01,14.24,14.568
Wolf 672 A,Gaia EDR3 4387171623850187648,17 18 34.70,01 56 48.64,DA,12461.5958,7.891566,38.17,14.26,
HG 8-7,Gaia EDR3 66144699680456320,04 04 34.29,25 08 48.22,DA,12378.1596,8.045288,26.47,,
V* DN Dra,Gaia EDR3 1431783457574556672,16 48 25.91,59 03 17.89,DA,12369.9449,8.301195,10.95,12.24,
Gaia DR2 63054590968017408,Gaia EDR3 63054590968017408,03 45 12.06,19 40 24.24,DA,12367.0,8.225893,28.25,,
HS 1443+2934,Gaia EDR3 1282448170543051648,14 45 28.38,29 21 32.04,DA,12305.0904,7.95855,38.39,,14.87
V* ZZ Cet,Gaia EDR3 2457759374023232768,01 36 14.12,-11 20 34.49,DA,12267.0,8.01,32.75,14.1,
PG 1026+024,Gaia EDR3 3855631797052747136,10 29 09.70,02 05 52.48,DA,12236.0,7.982,33.60,14.2,14.581
Gaia DR2 6589369272547881856,MCT 2137-3651,21 40 23.57,-36 37 57.67,DQ,12221.0,8.778,39.0,16.1,
GD 133,Gaia EDR3 3810933247769901696,11 19 12.29,02 20 33.54,DAZ,12145.6537,8.042858,38.24,14.57,14.944
GJ 742,Gaia EDR3 2262849634963004416,19 00 10.53,70 39 59.50,DAP,12144.405,8.641193,12.88,13.23,
V* MY Aps,Gaia EDR3 5772718006135360128,14 33 06.54,-81 20 20.37,DAV,12128.0,7.98,20.89,13.75,
LAMOST J064438.16+030704.39,LAMOST J064438.16+030704.39,06 44 38.16,03 07 04.39,DA,12067.0,8.37,5.0,,
V* PY Vul,Gaia EDR3 2025389380082340992,19 37 14.28,27 43 19.08,DA,12062.0309,8.056305,18.26,12.987,
GD 165,Gaia EDR3 1176717792385803136,14 24 38.92,09 17 11.77,DA,11908.0,8.016,33.34,14.32,15.027
V* V470 Lyr,Gaia EDR3 2092134443120038528,18 57 30.23,33 57 31.42,DA,11906.2263,8.340858,30.36,14.64,
EGGR 583,Gaia EDR3 1800298527816525824,21 49 54.87,28 16 58.38,DB,11712.3482,8.031433,34.75,14.68,14.521
V* V886 Cen,Gaia EDR3 6127333286605955072,12 38 48.86,-49 48 01.40,DA,11620.0,8.72,14.84,13.81,
V* VW Lyn,Gaia EDR3 715357559411376128,09 01 48.53,36 07 04.92,DA,11575.0,8.098,33.98,14.544,14.865
Gaia DR2 883006556929519872,Gaia EDR3 883006556929519872,07 03 57.36,25 34 17.44,DBA,11499.1717,7.965257,25.61,13.86,
Gaia DR2 3169486960220617088,Gaia EDR3 3169486960220617088,07 23 00.20,16 17 04.83,DA,11448.0,8.313982,37.18,15.01,
V* ZZ Psc,Gaia EDR3 2660358032257156736,23 28 47.21,05 14 49.97,DAZ,11295.8585,8.021124,17.52,13.04,13.449
PHL 459,Gaia EDR3 2405805697263561600,23 19 35.66,-17 05 28.30,DBA,11227.0,8.066,25.55,14.08,
LAWD 74,Gaia EDR3 4201781696994073472,19 20 34.86,-07 40 02.66,DBQA,11220.0,8.15,10.51,12.31,12.58
WD 1653+256,Gaia EDR3 1306197930941817984,16 55 38.97,25 33 43.48,DA,11195.0,9.246,36.49,,17.17898
Ross 808,Gaia EDR3 1372458109403442432,16 01 23.32,36 48 25.56,DA,11148.0,7.991,32.82,14.36,14.83
Gaia DR2 239721228805415296,Gaia EDR3 239721228805415296,03 19 07.57,42 30 43.91,DC,11142.0,8.248,30.58,14.79,14.803
WD 0457-004,Gaia EDR3 3228023859770327424,04 59 43.40,-00 22 42.52,DA,11012.0,8.787,24.72,15.3,15.442
GD 426,Gaia EDR3 466384799259137920,03 06 16.83,62 22 20.66,DA,10919.4958,8.119317,38.13,14.95,
HD 218572B,Gaia EDR3 6387649708219253248,23 10 23.05,-68 50 18.83,DB,10910.0,7.93,21.07,13.57,
GD 1212,Gaia EDR3 2439184705619919488,23 38 50.77,-07 41 20.33,DA,10808.0,8.004,18.66,13.26,13.732
PG 1225-079,Gaia EDR3 3583181371265430656,12 27 47.23,-08 14 38.62,DBAZ,10800.0,8.0,32.73,14.8,
LAWD 13,Gaia EDR3 4645960583300470656,02 56 19.30,-70 22 12.65,DA,10743.0,8.07,25.23,14.07,
LP 703-6,J235232.30-025309.2,23 52 32.60,-02 53 07.19,DA,10680.0,9.367,29.99,16.98,17.185
EGGR 4,Gaia EDR3 2544456862306151680,00 35 35.68,01 53 02.82,DA,10662.0,8.682,31.84,15.52,15.87
WD 2040-392,MCT 2040-3914,20 43 49.20,-39 03 23.63,DA,10563.0,7.854,23.0,13.74,
HD 140901B,Gaia EDR3 6009537829925128064,15 47 29.45,-37 55 11.81,DA,10402.0,7.97,15.22,12.8,
WD 0129+458,Gaia EDR3 398672715686799488,01 32 46.34,46 04 58.76,DA,10383.0,8.021,38.70,,15.42
GJ 1015 B,Gaia EDR3 418491412783587200,00 41 22.64,55 50 07.23,DQ,10372.728,8.001238,22.90,14.08,
GD 309,Gaia EDR3 859082970614616448,11 26 52.72,59 19 16.23,DA,10364.0,8.633,25.43,15.13,15.44753
GD 340,Gaia EDR3 1620030637207462912,15 09 38.67,63 32 23.89,DA,10269.9105,7.953055,34.83,14.65,
GJ 2139,Gaia EDR3 4107012041007171456,18 42 57.49,-11 08 57.20,DA,10260.0,8.3,24.15,,
PM J18073+0357,Gaia EDR3 4470233817461336704,18 07 23.38,03 56 59.77,DA,10247.0,8.079,30.17,15.08,15.359
WD 1310+583,Gaia EDR3 1566603962760532736,13 12 58.29,58 05 09.98,DA,10244.0255,7.645305,30.79,14.09,14.48
Ross 203,Gaia EDR3 6842831888437047680,21 36 16.67,-13 18 36.78,DA,10193.0,7.86,23.41,13.68,
2MASS J17432300+1434519,Gaia EDR3 4500646618315862144,17 43 22.70,14 34 56.93,DC,10156.1148,7.941208,34.33,,
PG 1632+177,Gaia EDR3 4466388790929771904,16 34 41.93,17 36 33.57,DAZ,10149.0,7.245,25.62,13.106,14.438
WD 1515+668,Gaia EDR3 1645204475617697536,15 15 52.96,66 42 44.42,DA,10099.0,8.248,38.22,,15.803
EGGR 155,Gaia EDR3 2836609093355562496,22 49 06.15,22 36 32.94,DA,10072.0,8.607,17.83,14.36,14.73166
WD 0024-55,Gaia EDR3 4920057871348614272,00 26 40.17,-55 24 51.37,DA,10070.0,8.92,24.05,15.21,
Gaia DR2 1900382604528495744,Gaia EDR3 1900382604528495744,22 07 51.86,34 28 45.28,DA,10068.6603,8.012143,39.75,15.11,
Gaia DR2 4504577986571873280,Gaia EDR3 4504577986571873280,18 47 41.60,12 26 31.79,DA,10020.8631,8.374034,28.85,,
G 102-37,Gaia EDR3 3335991469212690176,05 52 43.55,10 11 00.91,DC,10000.0,,36.88,,
WD 0927-173,Gaia EDR3 5681903877597244032,09 29 43.53,-17 32 55.65,DA,10000.0,8.91,33.24,16.04,
LAWD 27,Gaia EDR3 5274517467840296832,08 06 54.64,-66 18 21.33,DQ,9996.0,7.76,19.23,13.73,
Gaia DR2 995112350178946048,Gaia EDR3 995112350178946048,06 32 35.87,55 59 01.65,DAH,9965.33097,8.523592,37.04,,
Gaia DR2 1703379704562897280,Gaia EDR3 1703379704562897280,16 34 11.97,75 58 59.93,DA,9915.0,7.634,33.49,,15.201
WD 1407+425,Gaia EDR3 1498447607777405312,14 09 45.22,42 16 00.50,DAZ,9873.62689,8.05279,35.89,15.03,15.44302
GD 248,Gaia EDR3 2814629409239942272,23 26 06.54,16 00 17.43,DC,9848.67444,8.036908,33.79,15.13,15.198
EGGR 511,MCT 0032-1735,00 35 18.20,-17 18 51.64,DA,9840.0,8.216,33.0,14.94,
EGGR 120,Gaia EDR3 1326398777041821568,16 39 27.80,33 25 14.78,DA,9816.0,7.983,30.50,14.65,15.045
PM J09027+3120,Gaia EDR3 711744456827031680,09 02 42.57,31 20 43.36,DA,9814.72139,8.218341,33.88,14.75,15.62
GJ 820.1,Gaia EDR3 6348672845649310464,21 13 18.84,-81 49 18.96,DA,9797.0,8.27,16.18,13.62,
WD 2216-657,Gaia EDR3 6404417771644764160,22 19 48.83,-65 29 27.81,DZ,9770.0,8.09,25.53,14.55,
GD 84,Gaia EDR3 974375354722176768,07 18 01.73,45 47 50.18,DC,9759.49693,8.013853,35.49,,
GJ 4191,Gaia EDR3 6462911897617050240,21 19 37.35,-55 50 17.52,DA6,9736.0,7.96,25.06,14.28,
EGGR 262,Gaia EDR3 1864760695541016832,21 01 44.53,31 48 34.30,DQ,9732.09957,8.047539,32.24,15.04,
L 923-22,Gaia EDR3 4201781696994082944,19 20 33.38,-07 39 46.60,DC,9700.0,,10.51,11.676,
WD 2035-369,Gaia EDR3 6683212727417918848,20 38 41.71,-36 49 14.57,DA,9647.0,8.16,31.64,14.93,
EGGR 161,Gaia EDR3 2865535629374939520,23 32 04.05,26 58 46.58,DAH,9627.0,8.448,29.14,15.29,15.729
EGGR 562,Gaia EDR3 2803596046661176576,00 54 46.47,22 56 08.48,DA,9619.57202,8.635248,36.53,16.09,16.517
EGGR 182,Gaia EDR3 712888090655562624,08 59 14.30,32 57 12.10,DQ,9595.42008,8.52769,23.06,15.18,15.11023
EGGR 322,Gaia EDR3 1081813343155426560,07 56 01.11,57 41 52.80,DC,9577.44245,8.164316,29.39,15.08,
Gaia DR2 261664427174056320,Gaia EDR3 261664427174056320,05 15 29.86,50 21 38.99,DA,9571.07362,7.997249,38.52,15.2,
LAWD 80,Gaia EDR3 6853784501721502720,20 10 17.64,-21 46 50.90,DA,9545.0,7.944,26.91,14.4,
GD 393,Gaia EDR3 2169025009235266816,21 00 31.22,50 51 16.12,DA,9535.4977,8.054791,34.03,15.93,
Wolf 1,Gaia EDR3 2545505281002947200,00 13 39.60,00 19 21.64,DA,9507.0,7.985,40.00,15.31,18.04222
GD 348,Gaia EDR3 1641386833807056640,15 37 44.14,65 01 51.42,DA,9480.0,7.983,28.85,14.64,15.256
PG 1350-090,Gaia EDR3 3618657732410663808,13 53 15.92,-09 16 39.11,DAP,9458.0,7.86,19.71,14.55,
L 462-56 A,Gaia EDR3 5436014972680358784,09 36 59.35,-37 21 28.12,DQ,9380.0,8.32,26.25,14.81,
WD 0200-127,MCT 0200-1243,02 03 04.29,-12 29 03.64,DC,9350.0,8.052,24.0,14.55,14.659
WD 1124-293,Gaia EDR3 3482983495102507904,11 27 09.51,-29 40 15.51,DA,9348.0,7.98,33.53,15.04,
Wolf 1516,Gaia EDR3 2591754107321120896,01 18 00.06,16 10 10.15,DQ,9344.67338,8.098498,16.76,13.84,14.041
WD 1225+006,Gaia EDR3 3696778892558087552,12 28 07.67,00 22 21.12,DA,9323.0,7.994,32.31,14.8,15.37
LP 856-26,Gaia EDR3 6275184065428686464,13 59 07.44,-23 33 28.07,DA,9308.0,7.978,33.57,14.96,
WD 2049-222,Gaia EDR3 6808651507904773888,20 52 16.85,-22 06 31.10,DC,9300.0,8.0,20.32,15.0,
LAWD 66,Gaia EDR3 4139531467491239680,17 11 27.07,-14 47 58.07,DQ,9280.0,7.93,22.68,14.32,
Gaia DR2 6788656957673130112,MCT 2109-2934,21 12 40.73,-29 22 20.35,DC,9259.0,7.98,32.0,15.21,
2MASS J19492350+0747318,Gaia EDR3 4298029268399256704,19 49 23.64,07 47 29.71,DA,9216.08052,8.075999,36.53,,
GJ 1060 A,Gaia EDR3 5060587895604134400,03 28 49.66,-27 18 54.08,DA,9207.0,7.71,22.97,13.77,14.42
WD 1159-098,Gaia EDR3 3575770010060921728,12 02 07.45,-10 04 41.40,DA,9200.0,8.535,31.64,15.97,
Ton 949,Gaia EDR3 717393648787722624,08 46 44.21,35 38 32.49,DZA,9198.15848,8.154122,24.56,,15.061
Gaia DR2 2855386170682263424,Gaia EDR3 2855386170682263424,00 21 16.27,25 31 34.59,DA,9187.45618,8.492032,28.11,,15.929
LAWD 53,Gaia EDR3 6177238676273826304,13 51 22.76,-27 34 00.97,DA,9166.0,7.853,37.61,15.0,
Wolf 82,Gaia EDR3 98092934167683072,01 46 41.11,21 54 46.35,DA,9149.0,8.292,26.51,15.05,15.475
PG 0156+156,Gaia EDR3 78629306318257536,01 59 39.28,15 48 47.47,DC,9148.90835,8.186452,38.24,15.8,15.962
V* V749 Her,Gaia EDR3 4565048312887877888,16 57 09.89,21 26 39.48,DA,9147.0,8.004,20.99,14.09,14.721
EGGR 126,Gaia EDR3 4257461275049675008,18 29 09.88,-04 29 40.24,DA,9125.0,8.0,25.80,14.57,
Ross 640,Gaia EDR3 1331106782752978688,16 28 24.34,36 46 27.79,DZA,9114.74935,8.12238,15.90,13.83,14.217
GD 25,Gaia EDR3 332820971434386432,02 16 16.13,39 51 23.86,DA,9113.62836,8.331054,20.33,14.58,
LAWD 35,J1118-0314,11 18 15.06,-03 14 05.57,DQ,9095.0,7.8538,36.5778,15.34,15.426
CD-32 5613,Gaia EDR3 5639391810273308416,08 41 31.08,-32 56 11.38,DA,9093.0,7.76,8.52,11.86,
Gaia DR2 2524879812959998592,J010338.56-052251.96,01 03 38.64,-05 22 49.41,DAH:,9040.0,9.34,29.05,,17.657
WD 1315-110,Gaia EDR3 3623233040812235904,13 17 47.09,-11 21 05.88,DA,8950.0,8.014,39.71,15.6,
Gaia DR2 195470288131984128,Gaia EDR3 195470288131984128,05 29 13.49,43 00 24.17,DQ,8883.6083,8.054097,35.92,15.36,
Gaia DR2 2667464656943675392,Gaia EDR3 2667464656943675392,21 43 24.08,-06 59 49.46,DA,8866.0,8.422,18.15,,15.297
EGGR 519,Gaia EDR3 303637562009656704,01 45 11.62,31 32 41.21,DA,8847.0,7.551,36.62,14.78,15.285
WD 1334-67,Gaia EDR3 5850533227210203520,13 38 05.82,-68 04 36.03,DA,8840.0,8.16,39.78,15.57,
PG 0913+104,Gaia EDR3 591040864898749312,09 16 02.87,10 11 09.38,DQZA,8837.00196,8.06993,38.61,,15.9887
Gaia DR2 2407167579853954688,Gaia EDR3 2407167579853954688,23 15 30.59,-14 40 06.63,DA,8827.0,8.385,28.87,15.13,
GD 187,Gaia EDR3 1370654257498865536,15 40 33.15,33 08 53.85,DA,8812.0,8.06,29.56,15.03,15.518
GD 215,Gaia EDR3 4280632829779587072,18 43 25.58,04 20 23.93,DA,8807.06507,8.116098,24.88,16.35,
WD 0148+641,Gaia EDR3 518201792978858880,01 51 51.69,64 25 49.32,DA,8800.8391,8.104208,17.30,13.98,14.854
Gaia DR2 2018864362679341824,Gaia EDR3 2018864362679341824,19 23 59.28,21 41 02.33,DA,8749.21237,7.545423,35.46,,
V* CD Oct,Gaia EDR3 6358158435541361792,22 04 18.65,-75 13 24.88,DA,8748.0,8.66,19.03,15.04,
EGGR 577,Gaia EDR3 1408135749896104192,17 05 30.48,48 03 11.24,DA,8742.0,7.118,39.40,14.45,14.955
GD 44,Gaia EDR3 235842052999634944,03 16 42.24,39 32 20.25,DC,8720.74798,8.076055,37.86,,16.045
WD 0805+356,Gaia EDR3 905923368548465152,08 09 11.14,35 27 55.71,DA,8708.61714,7.790942,35.19,15.14,15.54425
EGGR 64,Gaia EDR3 818602457173176192,09 16 40.76,43 59 37.29,DA,8671.0,8.017,33.53,15.35,15.79781
L 577-71,Gaia EDR3 2313836325604479616,23 54 00.68,-33 16 37.52,DA,8663.0,8.03,23.20,13.56,
WD 1151+246,Gaia EDR3 4004395720290994048,11 54 34.57,24 22 37.76,DA,8647.84058,8.485258,26.53,15.26,15.94
WD 1202-232,Gaia EDR3 3489719481290397696,12 05 26.72,-23 33 08.51,DAZ,8636.0,8.005,10.43,12.8,
GD 366,Gaia EDR3 1350517492310907392,17 48 27.11,45 03 27.17,DC,8613.15269,8.255183,29.91,,15.84700012
EGGR 94,Gaia EDR3 1460689760003983232,12 59 46.27,27 34 05.32,DAZ,8583.43537,8.05043,32.98,15.41,15.85509
GJ 836.5,Gaia EDR3 1792830060723673472,21 42 40.75,20 59 47.73,DQ,8573.88082,8.112437,11.04,13.253,13.914
PG 1157+004,Gaia EDR3 3891115064506627840,11 59 52.12,00 07 51.25,DA,8566.0,8.419,28.31,15.73,16.0
EGGR 117,Gaia EDR3 4458207634145130368,16 11 25.62,13 22 09.23,DA,8529.0,8.326,22.27,15.103,15.354
EGGR 69,Gaia EDR3 642685200933153408,09 57 48.03,24 32 50.52,DA,8521.60707,8.068733,27.56,15.08,15.37164
Gaia DR2 551153263105246208,Gaia EDR3 551153263105246208,04 12 46.23,75 49 42.68,DAe,8514.12007,8.24665,35.05,15.73,
LAWD 96,Gaia EDR3 4994877094997259264,00 02 11.62,-43 10 06.38,DA,8506.0,8.38,8.33,12.97,
WD 1837-619,Gaia EDR3 6631915390382416256,18 42 28.06,-61 51 58.61,DC,8500.0,,25.66,14.69,
EGGR 328,Gaia EDR3 4435778215414219520,16 38 54.14,05 40 34.83,DA,8497.27083,8.524538,36.03,15.76,
Wolf 72,Gaia EDR3 2585189473147457408,01 29 24.11,10 22 55.17,DA,8493.0,7.473,29.26,14.38,14.981
Gaia DR2 3383000470383852672,Gaia EDR3 3383000470383852672,06 39 31.90,24 35 47.52,DC,8476.00497,7.917471,35.85,,
PHL 3537,MCT 0136-2010,01 38 32.26,-19 54 43.99,DA,8471.0,8.64,24.0,,16.01
Gaia DR2 85787470611883008,Gaia EDR3 85787470611883008,02 27 24.72,18 07 22.62,DA,8443.87011,7.974134,37.42,,
EGGR 251,Gaia EDR3 1020653077580086784,09 50 16.67,53 15 14.27,DQ,8389.0996,8.025527,27.60,15.3,15.43878
Gaia DR2 3643555726544985088,Gaia EDR3 3643555726544985088,14 07 09.76,-06 26 40.82,DA,8389.0,8.191,24.59,14.93,
WD 0928-71,Gaia EDR3 5219215228420645248,09 29 06.99,-71 33 53.49,DA,8370.0,8.16,25.55,15.44,
WD 1001-033,Gaia EDR3 3828424828500179584,10 03 38.70,-03 37 57.90,DA,8346.0,7.994,33.38,15.45,
EGGR 472,Gaia EDR3 25405350031335296,02 42 08.63,11 12 28.31,DAH,8299.27364,8.420949,33.89,16.18,
WD 1531+024,Gaia EDR3 4424031479858305408,15 34 17.38,02 18 46.78,DA,8293.0,8.481,33.75,16.43,16.68
EGGR 324,Gaia EDR3 696261653777188864,09 33 40.86,29 11 20.48,DA,8254.22815,8.475686,29.44,15.98,16.40054
HD 13445B,GJ86B,02 10 26.20,-50 49 25.00,DA,8184.0,7.81,10.78,14.0,
Gaia DR2 1039163458912998272,Gaia EDR3 1039163458912998272,09 25 43.02,61 20 13.63,DA,8160.0,7.894,27.46,,15.456
GJ 1260,Gaia EDR3 1841683423932168832,21 13 46.05,26 21 27.23,DA,8136.55652,7.529235,31.69,14.68,
Gaia DR2 2127566548919332608,Gaia EDR3 2127566548919332608,19 26 26.86,46 20 15.94,DA,8132.78169,8.214128,33.66,15.96,
EGGR 7,Gaia EDR3 2552121179905893888,01 03 50.27,05 04 34.27,DA,8057.20457,7.522636,22.02,14.05,14.496
SDSS J074730.12+110733.8,Gaia EDR3 3151407827963355136,07 47 30.18,11 07 31.78,DA,8054.0,8.887,27.62,,17.13
WD 1102-183,Gaia EDR3 3552845261339955200,11 04 47.02,-18 37 13.94,DA,8038.0,7.987,39.88,15.99,16.44
GD 548,Gaia EDR3 2191146977029443584,21 20 42.17,58 19 21.13,DA,7979.77694,7.989925,38.76,16.0,
Gaia DR2 1084764020047940096,Gaia EDR3 1084764020047940096,07 53 04.99,61 22 02.54,DC,7953.02703,8.125282,35.02,,
GJ 440,Gaia EDR3 5332606522595645952,11 45 49.60,-64 50 34.99,DQ,7951.0,8.0078,4.64,11.5,
Gaia DR2 3575728709655386752,Gaia EDR3 3575728709655386752,12 00 55.79,-10 32 21.12,DA,7950.0,8.44,33.66,16.45,
EGGR 507,Gaia EDR3 1921351390779081600,23 54 56.57,40 27 21.06,DQ,7926.85051,8.044101,22.08,14.94,
L 462-56 B,Gaia DR2 5436014972680358272,09 36 59.50,-37 21 24.10,DA,7920.0,8.04,26.26,15.18,
WD 0501-555,Gaia EDR3 4764692171059541120,05 02 43.32,-55 26 39.41,DC,7851.0,,39.87,16.35,
PG 0136+152,Gaia EDR3 2589304876450784128,01 38 56.84,15 27 40.84,DA,7843.62999,8.047631,22.68,14.94,15.43
2MASS J10143597+4226228,Gaia EDR3 805470233890349440,10 14 36.16,42 26 20.40,DA,7799.0,8.458,31.26,,16.76114
WD 1157+438,Gaia EDR3 1537794524729363712,12 00 02.94,43 35 41.06,DA,7796.93162,7.861882,37.33,15.71,16.30446
Gaia DR2 232990572675079296,Gaia EDR3 232990572675079296,04 21 29.45,46 07 56.12,DA,7786.73958,7.991321,26.56,15.17,
WD 2103-397,MCT 2103-3947,21 06 32.18,-39 35 59.83,DA,7779.0,8.226,25.0,15.31,
WD 0925+189,Gaia EDR3 633911196927706880,09 28 40.40,18 41 10.99,DA,7765.0,8.447,36.48,16.643,17.09
GJ 772,Gaia EDR3 4235280071072332672,19 56 28.76,-01 02 43.97,DA,7752.0,8.175,11.57,13.698,14.258
Gaia DR2 481698110012697728,Gaia EDR3 481698110012697728,05 37 14.83,67 59 49.53,DAH,7748.27607,8.330083,35.01,,
GD 356,Gaia EDR3 1425909733315616000,16 40 56.93,53 41 06.27,DAH,7743.0,8.269,20.14,15.05,15.551
Gaia DR2 6844375121726139520,Gaia EDR3 6844375121726139520,21 39 57.39,-12 45 50.08,DA,7730.0,8.36,36.74,16.46,
EGGR 557,MCT 2336-1842,23 38 52.89,-18 26 14.92,DA,7711.0,7.392,37.0,15.6,
WD 1054-226,Gaia EDR3 3549471753507182592,10 56 38.54,-22 52 51.31,DA,7690.0,8.07,36.16,15.998,16.55
WD 2209-147,Gaia EDR3 2600033326799287296,22 12 18.23,-14 29 44.53,DA,7654.0,7.249,37.98,15.09,
WD 1418-088,Gaia EDR3 6329136310728635776,14 20 54.30,-09 05 09.50,DA,7645.0,7.547,38.29,15.36,
Gaia DR2 4215241712185612544,Gaia EDR3 4215241712185612544,19 30 19.72,-00 57 30.63,DC,7620.0,8.17,35.10,,
WD 0150+256,Gaia EDR3 297470774951165568,01 52 52.19,25 53 41.36,DA,7599.0,7.851,34.86,15.71,16.235
EGGR 302,Gaia EDR3 2735175263041913088,22 09 47.38,14 29 51.13,DA,7586.00927,8.151428,27.17,15.61,16.136
* alf CMi B,J0739+0513,07 39 17.88,05 13 26.76,DQZ,7585.0,7.964,3.5142,10.94,
WD 0632+40,Gaia EDR3 957295438016687616,06 36 29.87,40 54 24.63,DA,7569.21859,8.365,39.67,,
GJ 283 A,J0740-1724,07 40 20.79,-17 24 49.16,DZA,7545.0,7.9862,9.1562,13.06,
Gaia DR2 4589139574728058880,Gaia EDR3 4589139574728058880,18 33 52.66,32 17 55.78,DZA,7539.10184,7.883701,39.38,,
GJ 2092,Gaia EDR3 5860131207828395648,12 26 41.93,-66 12 21.39,DA,7491.0,7.76,15.39,13.952,
GJ 1112,Gaia EDR3 710766750855439360,08 30 39.27,32 41 38.80,DA,7487.0,8.46,22.39,15.73,16.24123
PG 1106+083,Gaia EDR3 3818473629793533312,11 08 44.24,08 01 36.39,DA,7486.06474,7.976241,37.94,16.08,16.63681
Gaia DR2 859567752163281792,Gaia EDR3 859567752163281792,11 34 44.63,61 08 25.52,DA,7477.0,7.97,28.11,15.45,16.025
WD 2048-250,Gaia EDR3 6805808514433280000,20 51 00.15,-24 52 06.83,DA,7465.0,8.073,26.80,15.42,
Ton 953,Gaia EDR3 716504796716020352,08 49 09.32,34 29 47.86,DAZ,7452.0,7.954,30.89,15.71,16.20879
Gaia DR2 4139348334376604928,Gaia EDR3 4139348334376604928,17 04 38.04,-14 46 26.29,DA,7440.0,8.42,32.67,,
EGGR 85,Gaia EDR3 3926968661219149184,11 56 43.47,18 22 19.65,DC,7434.1634,8.088395,26.75,15.61,16.10231
Gaia DR2 4068499305485306240,Gaia EDR3 4068499305485306240,17 49 35.72,-23 55 02.68,DAZ,7425.0,8.061,26.6,15.42,
WD 0330-000,Gaia EDR3 3264551560189562112,03 33 20.46,00 07 20.51,DAH,7412.58046,8.295732,35.47,,17.05
WD 1223+188,Gaia EDR3 3947104533054775168,12 26 19.60,18 36 34.10,DC,7402.05054,8.115115,35.87,,16.7415
G 160-51,Gaia EDR3 3189621320226676736,04 12 26.63,-11 17 47.87,DAP,7385.0,7.582,35.12,15.446,
GD 69,Gaia EDR3 194394347281717504,05 36 20.02,41 29 56.20,DA,7384.25265,7.231709,32.15,14.78,
Gaia DR2 2118649750133781376,Gaia EDR3 2118649750133781376,18 31 58.83,46 58 29.57,DA,7378.42513,8.015813,23.32,,
GD 395,Gaia EDR3 1951870157081161216,21 34 24.36,36 55 18.07,DA,7365.3162,8.085983,39.44,,
WD 0216-398,Gaia EDR3 4963617807621683712,02 18 32.20,-39 36 31.93,DA7.0,7364.0,,30.08,15.75,
EGGR 196,Gaia EDR3 4462612140287443840,16 41 36.63,15 12 27.20,DA,7363.0,7.906,31.05,15.66,16.295
GJ 893.1,J2314-0632,23 14 25.18,-06 32 47.88,DQ,7352.0,7.9596,25.8559,15.42,15.804
Ross 627,Ross 627,11 24 12.96,21 21 32.40,DA,7346.0,8.1,13.6,14.24,14.86
EGGR 298,Gaia EDR3 1281989124439286912,14 58 06.66,29 37 19.94,DAZ,7320.32829,7.97381,28.57,15.6,16.158
Gaia DR2 459237630076876672,Gaia EDR3 459237630076876672,02 27 04.37,59 15 02.30,DA,7286.75136,7.846336,37.69,15.97,
Gaia DR2 2484544095751034496,Gaia EDR3 2484544095751034496,01 37 05.02,-02 07 38.87,DA,7260.0,8.31,35.73,,17.152
Gaia DR2 2516606022320239104,Gaia EDR3 2516606022320239104,02 21 57.86,04 45 19.21,DA,7252.0,8.085,39.45,,17.045
G 150-43,Gaia EDR3 1451566149955227520,13 49 44.30,27 55 22.87,DA,7243.62215,8.399323,29.99,,16.97444
WD 1831+19,Gaia EDR3 4525569007873380736,18 33 58.38,19 45 46.66,DQ,7235.87704,7.996577,39.26,16.41,16.894
PM J23243+2835,Gaia EDR3 2869130517001766400,23 24 18.82,28 35 52.71,DA,7231.0,8.009,39.10,15.96,16.979
GD 32,Gaia EDR3 133116227803380224,02 40 50.25,31 42 54.92,DA,7229.0,8.075,33.06,,16.705
GJ 1042,Gaia EDR3 333010327952701696,02 11 22.27,39 55 13.51,DAZ,7224.0,7.97,17.17,14.526,
WD 2157-574,Gaia EDR3 6412251624488840448,22 00 44.96,-57 11 24.23,DAZ,7220.0,,29.37,15.96,
Gaia DR2 1989342372349280384,Gaia EDR3 1989342372349280384,22 57 25.41,51 30 05.60,DA,7210.67954,8.405425,36.56,,
GJ 699.1,Gaia EDR3 1711005951573009792,17 49 37.96,82 47 19.10,DA,7202.84088,7.877595,16.35,14.309,
GJ 841 B,Gaia EDR3 6558209044297239424,21 57 38.28,-51 00 37.88,DQP,7190.0,7.95,14.86,14.74,
EGGR 344,Gaia EDR3 984190381489031424,07 53 27.11,52 29 27.38,DC,7185.43402,8.302846,21.82,15.674,16.13283
L 870-2,Gaia EDR3 2480523216087975040,01 38 00.02,-04 59 50.27,DA+DA,7168.0,7.163,12.62,12.84,14.983
LAWD 34,Gaia EDR3 3763445409285757824,10 57 34.26,-07 31 21.72,DC,7155.0,8.308,12.27,14.32,
Gaia DR2 3530520910392199680,Gaia EDR3 3530520910392199680,12 48 28.06,-10 28 59.35,DC,7130.0,8.27,39.71,,17.433
EGGR 250,Gaia EDR3 1022780838739029120,09 15 54.13,53 25 05.92,DCP,7126.04471,8.202458,10.27,13.88,14.711
GD 402,Gaia EDR3 1999615350008375552,22 18 51.38,48 39 28.29,DA,7120.16518,7.744651,39.58,16.13,
Gaia DR2 470639806179201792,Gaia EDR3 470639806179201792,04 23 13.65,57 45 23.03,DC,7110.54669,8.178992,37.36,,
PM J21077+0740,Gaia EDR3 1737167215848315264,21 07 45.03,07 40 42.48,DA,7106.15808,8.041492,38.36,15.91,17.062
2MASS J06533021-3954292,Gaia EDR3 5564029702750970112,06 53 30.12,-39 54 25.56,DA,7100.0,8.03,24.79,15.46,
WD 0855+416,Gaia EDR3 912718071240545152,08 58 30.74,41 26 29.72,DAH,7097.0,8.384,38.17,,17.59
GJ 3410,Gaia EDR3 3126453655659835136,06 47 21.71,02 31 09.31,DA,7093.75038,8.593266,18.09,15.67,
V* CY Leo,Gaia EDR3 3884899559633556224,10 41 53.97,14 15 44.78,DQ,7093.30374,8.077923,37.55,16.51,17.05516
2MASS J22280206+1207334,Gaia EDR3 2730508416002618752,22 28 02.02,12 07 32.64,DZ,7088.00782,8.072136,33.91,,16.93731
GD 5,Gaia EDR3 384636109728592768,00 11 22.39,42 40 37.29,DA,7070.95884,7.99424,23.43,15.23,
2MASS J01213782+3440431,Gaia EDR3 320029150076023808,01 21 37.61,34 40 43.09,DZ,7053.49247,8.139514,38.79,,17.27
2MASS J03432310+1958133,Gaia EDR3 63126196662620416,03 43 23.21,19 58 16.19,DA,7051.78628,8.424947,20.76,,
G 175-34B,Gaia EDR3 470826482637310848,04 31 15.33,58 58 10.13,DC,7050.01536,8.112173,5.52,12.44,
2MASS J11094130+5512289,Gaia EDR3 843807902246527232,11 09 41.45,55 12 25.78,DA,7050.0,8.585,35.80,,17.83008
Gaia DR2 4168312459956062208,Gaia EDR3 4168312459956062208,17 38 34.52,-08 26 14.80,DAZ,7050.0,8.04,30.41,,
2MASS J10221035+4612491,Gaia EDR3 833470465721350784,10 22 10.37,46 12 47.40,DA,7035.67,8.16132,32.95,,16.94785
WD 0136-340,Gaia EDR3 5012346101380568832,01 39 15.14,-33 49 03.67,DA,7000.0,8.0,39.59,17.18,
EGGR 360,Gaia EDR3 3725570772761744384,13 47 23.40,10 21 35.76,DA+DC?,6995.0,8.008,20.81,15.08,15.79
GD 262,Gaia EDR3 876571935709366272,08 09 46.37,29 20 31.06,DA,6993.975,8.073242,32.24,,16.81618
Gaia DR2 131188715200383872,Gaia EDR3 131188715200383872,02 31 16.90,28 59 39.63,DA,6979.20363,7.667974,27.87,15.1,
2MASS J01503855-7207164,Gaia EDR3 4686800224727589248,01 50 37.67,-72 07 20.27,DC,6972.0,,31.72,,
GJ 3064,Gaia EDR3 2472557872820632320,00 55 50.25,-11 27 24.50,DA,6970.0,7.977,22.44,15.25,
2MASS J06443019+2731115,Gaia EDR3 3386162214851684864,06 44 30.00,27 31 10.67,DA,6961.0,8.388,38.58,,17.72
GJ 1039,Gaia EDR3 5037084872486444928,01 25 24.75,-26 00 52.84,DC,6950.0,8.284,16.57,15.06,
NLTT 45288,Gaia EDR3 4581383928942599296,17 41 46.21,24 01 43.94,DA,6919.0,8.336,31.62,,17.278
Gaia DR2 2574620550768898432,Gaia EDR3 2574620550768898432,02 01 10.51,12 12 24.60,DC,6911.38535,8.015153,31.50,,16.728
WD 2138-332,Gaia EDR3 6592315723192176896,21 41 57.33,-33 00 31.61,DZ,6908.0,8.0455,16.11,13.75,
WD 1334+366,Gaia EDR3 1472029470098019072,13 36 30.30,36 23 46.22,DA,6881.0,8.01,35.44,,17.06027
2MASS J02230030+5544272,Gaia EDR3 457474219590579328,02 23 00.45,55 44 25.94,DA,6868.80544,8.306656,38.30,,
WD 0559+15,Gaia EDR3 3348678699526809600,06 02 31.43,15 53 02.61,DA,6855.76616,8.250917,37.89,,
WD 0753+417,Gaia EDR3 922434906461782272,07 56 31.11,41 39 45.36,DA,6853.0,8.378,32.73,,17.44199
Gaia DR2 3198881613315343872,Gaia EDR3 3198881613315343872,04 27 31.90,-07 08 02.16,DC,6850.0,8.15,39.73,,
LSPM J1351+4253,Gaia EDR3 1502063317405058304,13 51 18.74,42 53 12.89,DZ,6848.75557,8.237186,39.32,,17.6061
Wolf 219,Gaia EDR3 44901791432527232,03 44 35.31,18 25 51.74,DQ,6833.37577,8.102803,18.88,15.19,
EGGR 51,Gaia EDR3 946030529073021440,07 10 14.04,37 40 15.05,DQ,6828.26164,7.974049,24.37,15.66,
GJ 2080,Gaia EDR3 3882611201058534400,10 29 07.88,11 27 14.37,DAH,6814.0,8.25,33.76,16.65,17.34
EGGR 428,Gaia EDR3 923023248261420672,07 59 59.14,43 35 23.68,DCP,6802.05285,8.520735,21.96,,16.74554
Gaia DR2 39387328302768640,Gaia EDR3 39387328302768640,04 02 42.45,15 27 42.96,DC,6800.0,8.127,36.93,,17.318
GJ 1133,Gaia EDR3 1052520154368111872,10 23 09.78,63 27 45.04,DA,6789.57711,8.03457,15.94,14.71,15.399
PM J03196+3630,Gaia EDR3 234469931207274112,03 19 38.41,36 30 29.91,DZ,6788.59012,8.115384,32.08,,
GJ 1201,Gaia EDR3 4452521234885949184,16 27 53.38,09 12 08.49,DA,6784.1153,8.3397,25.09,16.14,16.826
GJ 1052,Gaia EDR3 2495751967528809216,02 46 31.04,-02 27 31.31,DAZ,6784.0,8.156,21.46,15.53,16.267
Gaia DR2 53278867446391040,Gaia EDR3 53278867446391040,03 58 26.75,21 57 22.04,DAZ,6784.0,8.223,36.14,,
WD 1425+495,Gaia EDR3 1507571286545131648,14 26 59.26,49 21 01.18,DC,6771.4865,8.351068,33.89,,17.562
Gaia DR2 2502097283492466560,Gaia EDR3 2502097283492466560,02 35 51.34,01 18 44.85,DA:,6770.0,8.002,33.04,,16.978
G 274-95,Gaia EDR3 5025127443016406144,01 47 43.81,-27 11 41.54,DA,6760.0,8.003,35.35,,
PM J15589+0417,Gaia EDR3 4425632987265111680,15 58 57.66,04 17 03.99,DC,6751.29223,8.434231,22.51,16.16,16.86
L 1046-18 B,Gaia EDR3 3701290326205270528,12 16 51.17,02 58 06.89,DA,6751.0,7.81,23.38,15.32,16.178
EGGR 252,Gaia EDR3 615733593956317568,10 01 48.99,14 41 23.97,DC,6748.84874,8.200341,19.40,15.37,16.074
GJ 2145,Gaia EDR3 4320303621677848832,19 14 35.88,14 28 19.56,DA,6729.35155,8.125833,39.12,16.03,
GJ 1211,Gaia EDR3 4388138816124225792,17 08 07.95,02 57 30.72,DZ,6725.54822,8.111819,17.85,15.194,
2MASS J11505233+6831161,Gaia EDR3 1058284412796260480,11 50 52.40,68 31 15.31,DA,6709.0,8.269,17.09,15.25,16.01225
HD 216777B,Gaia EDR3 2610488514148351360,22 55 50.06,-07 50 03.14,DA,6705.0,7.979,35.95,16.5,17.235
WD 0810+489,Gaia EDR3 931573222477949696,08 14 11.27,48 45 25.75,DC,6692.60032,8.118395,17.10,15.07,15.769
WD 1814+24,Gaia EDR3 4578913738632417920,18 16 08.84,24 54 36.94,DAP,6687.22581,8.246933,37.64,,
GD 484,Gaia EDR3 1679365202380970880,13 01 21.52,67 13 07.79,DA,6666.0,8.256,30.81,,17.298
Gaia DR2 960039814744267520,Gaia EDR3 960039814744267520,06 20 06.15,42 05 42.99,DA,6651.14828,8.332279,37.68,,
2MASS J18571395+2026292,Gaia EDR3 4518917168694695168,18 57 13.92,20 26 23.59,DA+DC?,6650.0,8.296,32.61,,17.514
WD 1559+534,Gaia EDR3 1404831472640252928,16 01 12.44,53 17 04.19,DA,6648.47394,7.9812,37.66,,17.27885
GD 175,Gaia EDR3 6332763530870415488,15 05 49.09,-07 14 41.25,DAH,6640.0,8.005,26.97,15.88,
Gaia DR2 455517329408362752,Gaia EDR3 455517329408362752,02 21 10.99,53 33 29.66,DC,6633.69069,8.146541,29.05,,
V* V1412 Aql,Gaia EDR3 4249667902270614272,20 13 55.41,06 42 35.51,DC,6629.8499,8.149167,22.95,15.751,16.477
GJ 4236,Gaia EDR3 2679976510857026048,21 54 06.46,-01 17 13.71,DA,6626.0,7.061,25.52,14.515,15.176
EGGR 377,Gaia EDR3 1789361097242243584,21 02 02.53,19 12 52.80,DA,6621.69324,8.016353,32.77,16.36,
WD 1713+393,Gaia EDR3 1341543072245722752,17 14 50.78,39 18 40.63,DAH,6615.58344,7.767826,39.58,,17.168
WD 1143-013,Gaia EDR3 3794567429507510528,11 46 26.15,-01 36 43.86,DA,6615.0,8.034,32.91,16.39,17.136
WD 1141-012,Gaia EDR3 3793132257595347200,11 43 51.86,-01 31 49.36,DA,6614.0,8.365,39.61,17.06,18.06
Gaia DR2 6310804634396281984,Gaia EDR3 6310804634396281984,14 43 17.92,-14 37 17.37,DA,6610.0,8.2,28.73,16.37,
WD 1104+150,Gaia EDR3 3968635204109066880,11 07 09.43,14 46 56.23,DA,6582.69988,7.95832,38.33,,17.37
WD 0704-508,Gaia EDR3 5504790696302830208,07 05 55.36,-50 52 46.56,DC,6580.0,8.0,37.13,16.94,
Gaia DR2 688606063549945600,Gaia EDR3 688606063549945600,09 12 16.49,25 38 20.72,DA,6577.0,8.057,37.78,,17.53
EGGR 183,Gaia EDR3 3875652014008894720,10 15 02.30,08 06 38.32,DA,6574.57359,7.931709,29.49,16.03,16.78444
Gaia DR2 3011223668834627328,Gaia EDR3 3011223668834627328,05 54 42.97,-10 35 23.79,DZ,6570.0,8.17,15.29,14.96,
GJ 3339,Gaia EDR3 3242153305741855744,05 14 03.27,08 00 10.24,DA,6569.01099,8.312111,21.46,15.87,
WD 1224+321,Gaia EDR3 4015547856277853824,12 27 24.37,31 50 21.05,DA,6563.0,7.971,38.88,,17.47
GJ 4012,Gaia EDR3 5921433963191695872,17 37 00.55,-54 26 03.88,DA,6542.0,8.35,20.24,15.8,
WD 0816-310,J0818-3110,08 18 40.26,-31 10 20.33,DZ,6535.0,8.2785,19.3604,15.43,
GJ 1228,Gaia EDR3 2150504594853811456,18 30 19.78,54 47 31.81,DXP,6534.79363,8.395035,17.04,15.53,
Gaia DR2 2142307563871222912,Gaia EDR3 2142307563871222912,19 27 25.00,56 44 56.48,DA,6533.42551,8.35934,31.79,,
G 163-28,Gaia EDR3 3789156870225942656,10 57 47.89,-04 13 32.72,DZ,6529.0,8.0504,36.35,16.73,
Gaia DR2 4237555506083389568,Gaia EDR3 4237555506083389568,20 04 45.49,01 09 28.76,DA,6506.9945,8.323462,32.35,,24.635
WD 0236-269,Gaia EDR3 5070533180139377792,02 38 41.26,-26 43 16.76,DB,6500.0,,35.04,16.6,
PG 1633+434,Gaia EDR3 1405343643196929536,16 35 01.76,43 17 31.52,DAZ,6498.0799,8.15077,14.49,14.834,15.642
Gaia DR2 4257063453704172416,Gaia EDR3 4257063453704172416,18 29 52.20,-05 36 20.92,DC,6490.0,8.07,39.85,,
WD 0313-084,Gaia EDR3 5167510797199003904,03 16 14.01,-08 16 39.09,DA,6483.0,8.337,31.41,,17.647
Gaia DR2 143076256963396480,Gaia EDR3 143076256963396480,02 53 28.34,37 59 57.29,DA,6481.23144,7.923893,37.03,,
GJ 1004,Gaia EDR3 395234439752169344,00 12 13.97,50 25 11.91,DAH,6476.2025,8.238748,10.87,14.36,
EGGR 476,Gaia EDR3 8578256576520320,02 59 59.66,08 11 55.22,DAH,6456.72662,7.778163,29.47,15.9,
EGGR 421,Gaia EDR3 1114054838014073984,06 07 15.58,73 31 50.27,DA,6450.601,8.49926,32.25,,
WD 2119-017,Gaia EDR3 2685959542034846464,21 21 47.69,-01 30 36.23,DA,6450.0,8.027,35.13,16.59,17.418
Gaia DR2 1115546944012493696,Gaia EDR3 1115546944012493696,06 49 26.94,75 21 24.76,DAH,6440.42457,8.209052,37.93,,
WD 1149-272,Gaia EDR3 3487220772397809536,11 51 35.84,-27 32 20.38,DQ,6436.0,7.9709,25.17,15.87,
GJ 261,Gaia EDR3 3052844272764398208,07 01 54.77,-06 28 00.43,DA,6430.0,8.0,20.70,15.44,
Wolf 28,Gaia EDR3 2552928187080872832,00 49 11.22,05 22 35.60,DZ,6423.46775,8.245723,4.31,12.38,14.651
WD 1214+690,Gaia EDR3 1683330453627242752,12 17 00.59,68 48 51.39,DA,6419.94275,8.377004,32.76,,17.81
WD 1236+457,Gaia EDR3 1541286711100812160,12 39 13.72,45 25 05.55,DA,6415.0,8.317,26.84,,17.3637
LSPM J0543+3637,Gaia EDR3 3455921181049073280,05 43 07.16,36 37 00.31,DAZ,6410.0,8.048,22.23,,
EGGR 391,Gaia EDR3 1468213546275054208,13 30 58.83,30 29 52.01,DZH,6403.88907,8.107886,25.54,16.03,18.276
WD 1657+321,Gaia EDR3 1313405848136604672,16 59 39.72,32 03 16.58,DA,6403.0,8.472,37.43,,18.356
EGGR 584,Gaia EDR3 1955134710179436672,22 14 08.51,37 27 06.56,DC,6397.40329,8.469851,29.19,,
GJ 3306,Gaia EDR3 3186021141200137472,04 37 47.66,-08 49 35.46,DQ,6396.0,7.9589,9.40,13.75,
Gaia DR2 2553935752048977792,Gaia EDR3 2553935752048977792,00 30 47.95,03 47 01.97,DC,6392.7066,8.065361,27.78,,17.003
2MASS J05155350+2839169,Gaia EDR3 3422405214775411840,05 15 53.75,28 39 15.17,DAH,6391.24475,8.178033,30.06,,
EGGR 554,J2315-0209,23 15 18.81,-02 09 40.60,DZ,6389.0,8.1038,29.7343,16.31,17.21
WD 1114+06,Gaia EDR3 3817262208497857024,11 16 40.01,06 27 02.27,DA,6384.0,7.982,37.53,16.75,17.607
GJ 3112,Gaia EDR3 4698424845771339520,01 43 00.07,-67 18 46.65,DAZ,6380.0,7.97,9.72,13.82,
2MASS J06533533-3955335,Gaia EDR3 5564028981196462336,06 53 35.25,-39 55 29.66,DA,6360.0,8.14,24.84,16.07,
V* RR Cae,Gaia EDR3 4788741548375134336,04 21 05.61,-48 39 15.60,DA+dM,6354.0,7.38,21.19,14.36,
L 50-73,Gaia EDR3 4689789625044431616,00 13 50.69,-71 49 58.22,DA,6340.0,7.89,18.80,15.17,
LSPM J1317+2157,Gaia EDR3 3943650619138622848,13 17 48.94,21 57 09.14,DC,6331.35353,8.247248,31.77,,17.61189
Gaia DR2 2733055335904034432,Gaia EDR3 2733055335904034432,22 34 18.98,14 56 53.90,DA,6329.0,8.031,33.87,,17.533
EGGR 419,Gaia EDR3 3292685210887016192,04 40 28.43,09 23 35.34,DA,6327.0,8.295,32.56,16.96,17.845
Gaia DR2 1797472370615364992,Gaia EDR3 1797472370615364992,21 33 43.62,24 14 54.75,DA,6315.18149,8.378516,35.05,,18.121
WD 0655-390,Gaia EDR3 5564171814627287296,06 57 05.50,-39 09 38.08,DA,6310.0,8.01,16.51,15.11,
GJ 1234,Gaia EDR3 2052891361294411520,19 18 58.67,38 43 17.45,DC,6298.99971,8.174084,11.87,14.59,15.422
GJ 2152,Gaia EDR3 1739921801713625600,21 13 29.27,07 27 06.07,DA,6289.27737,7.912154,29.38,16.12,17.03
Gaia DR2 1647162396588999552,Gaia EDR3 1647162396588999552,16 06 06.27,70 22 26.51,DA,6286.72597,7.969628,35.85,,
WD 0628-020,Gaia EDR3 3117320802840630400,06 30 38.48,-02 05 53.24,DA,6283.0,7.777,21.40,15.36,
Gaia DR2 4268167357267580160,Gaia EDR3 4268167357267580160,19 12 45.86,02 42 32.22,DZ,6280.17628,8.106792,31.82,,
GJ 3001,Gaia EDR3 2312821266302222720,00 02 40.29,-34 13 51.79,DC,6280.0,8.18,14.81,15.03,
LP 349-41,Gaia EDR3 2807462655009880320,00 33 25.85,25 06 16.30,DA,6278.0,8.017,38.31,,17.88
WD 1436-781,Gaia EDR3 5785654859950570496,14 42 49.33,-78 23 53.22,DA,6271.0,8.06,23.99,16.11,
WD 0253-755,Gaia EDR3 4640029027306103296,02 52 47.54,-75 22 40.92,DC,6235.0,,31.20,16.7,
WD 0121-429,Gaia EDR3 4983839647522981504,01 24 04.42,-42 40 46.82,DAH,6230.0,7.64,18.45,14.83,
LP 213-79,Gaia EDR3 776762672481353984,10 52 11.47,40 50 01.20,DC,6212.76405,8.10542,33.90,,17.68
Gaia DR2 4252064631569619712,Gaia EDR3 4252064631569619712,18 49 07.44,-07 36 20.33,DC,6190.0,8.15,35.12,,
Gaia DR2 2582335342824976768,Gaia EDR3 2582335342824976768,00 55 03.61,10 10 04.79,DA,6186.82552,8.016777,26.57,16.12,17.095
GD 353,Gaia EDR3 1403348682426861568,15 55 33.82,50 25 47.65,DA,6186.0,8.061,30.53,,17.528
EGGR 531,Gaia EDR3 676031052142751488,08 16 41.92,21 37 29.53,DA,6167.0,7.973,39.35,17.02,17.952
LP 212-60,Gaia EDR3 755877620910173696,10 22 51.15,39 04 11.71,DZ,6163.32904,8.289778,39.12,,18.81
LP 374-46,Gaia EDR3 3978862277154958592,11 25 21.09,21 11 09.98,DC,6143.93734,8.02425,38.14,,17.88
LP 776-52,Gaia EDR3 2976789094955826560,05 05 32.31,-17 31 41.89,DA,6140.0,8.179,38.45,17.194,
2MASS J19131653+2949275,Gaia EDR3 2039140284770609152,19 13 16.49,29 49 32.87,DA,6134.89114,8.120674,37.08,,
GJ 3285,Gaia EDR3 3307009304776119936,04 25 53.63,12 11 44.59,DC,6128.57403,8.201555,16.03,15.42,
WD 1647-327,Gaia EDR3 6027138331058857088,16 50 44.21,-32 49 30.89,DA8.5,6120.0,7.92,27.12,16.21,
WD J2214-390,Gaia EDR3 6573778541262656256,22 14 36.14,-38 59 13.16,DA,6120.0,8.33,18.16,15.91,
WD 1722+279,Gaia EDR3 4598266758185956864,17 24 13.37,27 56 54.35,DA,6115.0,8.302,38.56,,18.49976
WD 1633+572,Gaia EDR3 1431176943768691328,16 34 19.37,57 10 28.06,DQ,6106.81847,8.01571,14.85,15.004,
LP 244-8,Gaia EDR3 318528007466920192,01 48 40.44,36 15 27.28,DA,6105.88157,8.067063,35.19,16.76,
PM J11480-4523,Gaia EDR3 5377849123945711872,11 48 02.44,-45 23 07.67,DA,6101.0,7.99,25.12,15.66,
NLTT 42805,Gaia EDR3 1201036206454896000,16 26 26.14,19 38 42.75,DA,6096.25937,8.239195,27.57,,17.61
GJ 1086,Gaia EDR3 3218697767783768320,05 51 19.60,-00 10 17.48,DQ,6080.0,8.146,11.22,14.6,15.605
Gaia DR2 6178524211524592640,Gaia EDR3 6178524211524592640,13 55 09.71,-26 22 50.32,DA,6080.0,8.06,32.53,16.71,
LSPM J0939+4951,Gaia EDR3 826275295988399232,09 39 31.09,49 51 48.07,DA,6072.0,8.391,34.15,,18.45
LP 659-7,Gaia EDR3 3024247796382652800,05 59 00.94,-04 14 30.95,DA,6070.0,8.086,38.04,17.0,
WD 0920+012,Gaia EDR3 3843957354387777152,09 22 56.03,01 03 05.69,DAZ,6068.0,7.981,32.36,16.59,17.664
Gaia DR2 4146666271458052352,Gaia EDR3 4146666271458052352,18 17 45.81,-13 35 26.65,DA,6050.0,8.38,32.53,,
Gaia DR2 3750749378584132992,Gaia EDR3 3750749378584132992,10 30 55.45,-14 23 59.48,DA,6040.0,8.21,27.66,,
LP 645-70,Gaia EDR3 2522401586766106624,00 40 56.31,-08 09 14.80,DA,6040.0,8.266,37.43,,18.44689
Gaia DR2 2690697646876721152,Gaia EDR3 2690697646876721152,21 06 46.87,01 06 33.47,DA,6029.68364,7.943236,38.48,,17.983
G 250-27,Gaia EDR3 1100267237077449728,06 53 50.11,63 55 51.68,DA,6027.34649,8.036768,27.80,16.28,
PM J23462+1158,Gaia EDR3 2763719512612656000,23 46 12.37,11 58 48.63,DC,6027.16367,8.213799,36.29,,18.271
Gaia DR2 3129655296079487872,Gaia EDR3 3129655296079487872,06 57 29.29,05 50 47.42,DC,6018.50367,8.207432,39.00,,18.513
NLTT 35504,Gaia EDR3 3727155340815968256,13 52 11.52,10 53 48.82,DA,6017.0,7.992,35.35,,17.92
LP 714-52,Gaia EDR3 3191738120628213760,04 19 20.95,-09 34 30.82,DAP,6015.0,8.35,36.66,17.417,
LP 775-37,Gaia EDR3 3173236054352419072,04 41 05.15,-15 19 01.02,DA,6005.0,8.015,37.08,16.83,
G 261-43B,G261-43B,,,DC,6000.0,8.39,21.23,12.88,
Gaia DR2 4359722208685335552,Gaia EDR3 4359722208685335552,17 16 20.34,-08 21 16.98,DQ,6000.0,7.86,38.46,,
2MASS J22415762+1332390,Gaia EDR3 2731866347221858432,22 41 57.70,13 32 32.81,DA,5992.0,8.258,35.69,,18.43482
WD 2059+247,Gaia EDR3 1841254644460354688,21 02 12.41,24 57 40.13,DA,5983.24001,8.128747,28.03,16.57,17.608
GJ 3565,Gaia EDR3 3820383996887145088,09 43 46.56,-07 03 55.64,DA,5975.0,7.955,28.76,16.43,
Gaia DR2 4150020774057837440,Gaia EDR3 4150020774057837440,17 46 20.40,-12 34 26.58,DA,5970.0,8.24,37.07,,
Gaia DR2 4598775557191664384,Gaia EDR3 4598775557191664384,17 33 37.20,29 03 40.55,DC,5969.0,7.955,39.57,,18.016
PM J10403+1004,Gaia EDR3 3870354528331257984,10 40 19.59,10 03 58.89,DC,5959.87756,8.114001,36.88,,18.19
WD 1703+261,Gaia EDR3 4573071139998034048,17 05 52.54,26 05 46.67,DA,5947.53105,8.20408,34.67,,18.263
Gaia DR2 3585097235918075776,Gaia EDR3 3585097235918075776,11 38 40.77,-13 13 36.69,DC,5940.0,8.15,26.85,,
WD 1009-184,J1012-1843,10 12 01.87,-18 43 33.27,DZ,5938.0,8.0472,18.0914,15.44,
Gaia DR2 2185261016407220224,Gaia EDR3 2185261016407220224,20 21 57.94,54 54 42.36,DC,5937.12358,8.180229,37.96,,
WD 1540+236,Gaia EDR3 1218051664291152000,15 42 34.69,23 29 35.03,DA,5937.0,8.215,27.79,,17.899
EGGR 581,Gaia EDR3 6831993452567326592,21 10 50.13,-21 29 31.45,DA,5935.0,8.057,31.86,16.8,
GJ 2135,Gaia EDR3 4152557420406043264,18 24 04.32,-13 08 52.52,DAZ,5930.0,7.97,19.06,15.56,
Gaia DR2 2064689567732385792,Gaia EDR3 2064689567732385792,20 33 21.91,39 54 08.14,DA,5927.51562,8.388378,20.75,16.35,17.503
LP 154-64,Gaia EDR3 439494077735062144,02 56 17.25,49 54 38.88,DA,5923.6132,8.109912,37.72,17.1,
2MASS J06214164-4016187,Gaia EDR3 5573532025833121408,06 21 41.77,-40 16 24.55,DZ,5919.0,8.0,23.68,16.2,
GJ 4365,Gaia EDR3 2867032958053059200,23 49 54.96,29 33 56.00,DA,5917.0,7.932,20.95,15.72,16.877
Gaia DR2 197048460976343168,Gaia EDR3 197048460976343168,05 39 16.67,43 52 28.92,DC,5910.36503,8.139085,39.32,,
SDSS J131730.85+483332.8,Gaia EDR3 1556005701461744640,13 17 30.75,48 33 31.24,DA,5903.0,8.042,39.01,,18.422
WD 0658-075,Gaia EDR3 3052418589963163264,07 00 41.74,-07 34 16.38,DC,5900.0,8.0,25.33,16.73,
WD 0840+243,Gaia EDR3 690287663506579328,08 42 57.49,24 09 30.03,DA,5888.0,8.008,37.99,,18.36
Gaia DR2 4293873732939569920,Gaia EDR3 4293873732939569920,19 21 26.90,06 13 21.58,DA,5882.66177,8.136326,18.15,15.47,
LP 581-35,Gaia EDR3 2711324446359728384,22 55 56.09,05 45 18.36,DA,5881.0,7.962,24.80,15.71,17.368
LP 832-30,Gaia EDR3 5088251195844051328,03 36 34.36,-22 15 27.64,DAZ,5860.0,7.949,38.46,17.16,
EGGR 342,Gaia EDR3 1100655330324351616,06 53 26.36,64 03 35.67,DA,5857.66104,8.103207,27.90,16.65,
GJ 3016,Gaia EDR3 2418116963320446720,00 14 12.19,-13 11 12.53,DAH,5855.0,8.217,18.56,15.87,
LP 426-17,Gaia EDR3 611645983387812992,08 51 40.04,16 24 51.95,DC,5854.27633,8.009362,30.86,,17.92
2MASS J06023672+0904237,Gaia EDR3 3329569015639064192,06 02 36.82,09 04 19.67,DA,5848.68601,7.898708,37.30,,
BD-18 3019B,Gaia EDR3 3554395813252626048,10 45 36.93,-19 06 54.69,DQpec,5832.0,7.863,18.80,15.52,
2MASS J20124874-4659024,Gaia EDR3 6672244029484054272,20 12 49.05,-46 59 05.84,DA8.5,5827.0,,27.76,,
Gaia DR2 1042071701528617728,Gaia EDR3 1042071701528617728,08 45 16.88,61 17 03.79,DAH,5821.5467,8.085139,34.98,,18.278
WD 1316-215,Gaia EDR3 3506061587037686144,13 19 24.74,-21 48 02.24,DA,5815.0,8.588,19.76,16.67,
2MASS J11182722-4721570,Gaia EDR3 5374565879145559424,11 18 26.68,-47 21 56.41,DC,5810.0,8.02,17.04,15.52,
WD 0123-460,Gaia EDR3 4934162784467241472,01 25 18.83,-45 45 40.04,DA,5810.0,8.1,21.64,16.3,
SDSS J083123.38+333148.6,Gaia EDR3 710947968027922176,08 31 23.44,33 31 46.64,DA,5809.0,8.105,39.89,,18.73
GJ 3392,Gaia EDR3 3324181683539044224,06 20 48.33,06 45 16.91,DA,5806.45229,8.129185,24.02,16.37,17.576
WD 2008-799,Gaia EDR3 6361559602963567744,20 16 51.75,-79 45 57.49,DA,5800.0,7.97,24.15,16.35,
GJ 3710,Gaia EDR3 1575357587146077056,12 11 30.09,57 24 11.34,DAZ,5797.73619,7.972117,19.97,15.79,16.953
Gaia DR2 4240231824768647040,Gaia EDR3 4240231824768647040,19 50 03.68,00 33 59.30,DA,5797.24789,7.928674,35.88,,
WD 1409-184,Gaia EDR3 6296317052576778240,14 12 20.50,-18 42 43.49,DC,5794.0,8.129,33.27,,
WD 1653+385,Gaia EDR3 1351956512512484480,16 54 45.71,38 29 31.40,DAZ,5792.0,8.178,27.3,15.86,17.987
WD 1532+12,Gaia EDR3 1193520666521113344,15 35 05.63,12 47 42.32,DZP,5788.13399,7.986987,19.25,15.7,18.043
V* V1201 Ori,LHS 212,05 56 25.44,05 21 46.80,DAP,5785.0,8.22,7.99,14.105,
Gaia DR2 2683452758602312192,Gaia EDR3 2683452758602312192,22 02 53.83,02 37 38.40,DA,5747.01671,8.198346,29.97,,18.242
WD 1146-290,Gaia EDR3 3480776843983381632,11 49 04.76,-29 21 48.67,DA,5745.0,8.363,31.00,17.3,
WD 0228+079,Gaia EDR3 19693180966870656,02 31 15.16,08 10 18.86,DC,5722.26837,7.987491,38.91,,
WD 1027-261,Gaia EDR3 5469171261208778240,10 29 57.65,-26 24 08.37,DA,5721.0,7.992,34.19,17.05,
Gaia DR2 1875301369907249024,Gaia EDR3 1875301369907249024,22 30 59.25,22 54 54.31,DC,5720.47646,8.188435,30.99,,18.215
LP 775-28,Gaia EDR3 2978374522004181888,04 32 00.40,-19 20 54.05,DA,5720.0,8.018,33.96,16.97,
2MASS J02494417+3307251,Gaia EDR3 139623068897753856,02 49 44.43,33 07 29.83,DA,5715.0,7.994,35.71,,18.47
Gaia DR2 3326650224581677312,Gaia EDR3 3326650224581677312,06 44 00.51,09 26 04.23,DC,5704.0,7.793,30.04,,17.529
Gaia DR2 4341495230772911616,Gaia EDR3 4341495230772911616,16 07 00.60,-14 04 23.68,DAH,5700.0,8.05,27.51,,
Gaia DR2 1066726497434084864,Gaia EDR3 1066726497434084864,09 54 46.83,67 02 05.53,DA,5699.7806,8.201954,25.50,,18.002
WD 0724+146,Gaia EDR3 3166841329084630784,07 27 04.31,14 34 38.54,DA,5691.0,7.989,31.19,,18.2
WD 0304-074,Gaia EDR3 5179920984941752448,03 07 13.69,-07 15 13.46,DA,5690.0,8.362,30.40,17.35,18.71482
LSR J0541+3959,Gaia EDR3 190998058945380608,05 41 04.33,39 59 39.02,DA,5688.16087,8.162846,36.39,,
Gaia DR2 54253618862057728,Gaia EDR3 54253618862057728,03 26 31.66,15 57 17.10,DA,5680.62186,8.178924,38.59,,
NLTT 49358,Gaia EDR3 2302010356492847744,20 22 20.53,83 33 58.18,DC,5680.52568,7.999984,38.71,,
WD 1547+572,Gaia EDR3 1598771000065137536,15 48 35.47,57 08 24.21,DC,5665.70998,8.123155,37.92,,18.569
Gaia DR2 1040160612880069888,Gaia EDR3 1040160612880069888,09 13 53.94,62 05 58.49,DA,5647.29447,8.061719,31.38,,18.299
Wolf 457,Gaia EDR3 3704392873141718912,13 00 08.59,03 28 27.21,DA,5632.34887,8.189577,16.50,15.83,17.191
LAWD 26,Gaia EDR3 5273943488410008832,07 53 12.28,-67 47 55.22,DA,5620.0,7.96,8.17,13.96,
WD 1315-781,Gaia EDR3 5787859896160384384,13 19 27.15,-78 23 33.87,DC,5619.0,8.17,19.28,16.15,
NLTT 301,Gaia EDR3 2875903332533220992,00 07 28.93,34 03 42.88,DC,5616.9639,8.184531,34.02,,18.573
GJ 1275,Gaia EDR3 1884744525522874880,22 51 24.56,29 39 46.65,DA,5612.64919,7.71443,19.98,15.55,16.80635
WD 0236+259,Gaia EDR3 126342377182577408,02 39 20.06,26 09 54.69,DA,5605.0,8.03,20.86,16.29,17.548
NLTT 45205,Gaia EDR3 1706631093589103872,17 33 36.63,79 49 15.76,DC,5603.45417,8.302722,26.83,,
WD 1408+029,Gaia EDR3 3667514634669861120,14 10 39.94,02 45 09.18,DAZ,5597.0,7.991,27.71,,18.05
WD 1630+089,Gaia EDR3 4440264291578812928,16 32 33.47,08 51 18.53,DA,5595.88112,8.015485,12.93,15.08,16.44
WD 1656-062,Gaia EDR3 4340322876499078400,16 58 47.39,-06 17 11.00,DA,5587.0,8.099,31.81,17.14,18.589
WD 1605+345,Gaia EDR3 1323922779935068160,16 07 14.22,34 23 42.54,DA,5574.0,7.971,34.35,,18.605
GJ 3031,Gaia EDR3 385105360675267840,00 22 14.92,42 36 37.82,DC,5572.27299,7.578325,34.49,,
Gaia DR2 4154063678315488640,Gaia EDR3 4154063678315488640,18 23 47.50,-11 23 47.92,DA,5560.0,8.01,36.08,,
Gaia DR2 330661599315957504,Gaia EDR3 330661599315957504,02 08 09.24,37 29 38.13,DA,5557.64374,8.496144,33.04,,
LAWD 42,Gaia EDR3 5784295623056963200,12 44 50.17,-80 09 22.23,DC,5550.0,7.88,21.37,16.18,
NLTT 1450,Gaia EDR3 2555215995900584448,00 27 36.92,05 41 58.90,DA,5539.28538,7.938186,21.68,16.15,17.547
Gaia DR2 3783206210217512320,Gaia EDR3 3783206210217512320,11 19 13.20,-08 31 36.78,DA,5530.0,8.04,30.28,,
EGGR 353,Gaia EDR3 863131372427958912,11 45 44.09,63 05 53.64,DA,5524.0,7.928,24.01,,17.854
Gaia DR2 529594417061837824,Gaia EDR3 529594417061837824,00 24 51.57,68 34 47.22,DC,5517.6978,8.195947,36.03,,
2MASS J23095848+5506491,Gaia EDR3 1996725077535283200,23 09 59.29,55 06 50.20,DA,5517.44761,8.104933,16.42,,
LP 815-31,Gaia EDR3 6862687522250677376,20 31 09.36,-16 58 40.89,DAZ,5506.0,7.926,22.82,16.28,
HD 283750B,Gaia EDR3 151650935831913216,04 36 45.17,27 09 49.15,DA,5505.1017,8.014662,17.40,15.79,
WD 1658+445,Gaia EDR3 1358325021299899136,16 59 35.48,44 25 39.51,DA,5504.0,7.927,28.50,,18.275
Gaia DR2 6853523539508720000,Gaia EDR3 6853523539508720000,20 12 16.10,-22 10 22.55,DC,5500.0,8.12,35.60,,
LP 426-49,Gaia EDR3 684598618544000384,09 02 08.48,20 10 46.30,DQ,5499.0,8.224,38.28,,18.947
Gaia DR2 2568588664341691520,Gaia EDR3 2568588664341691520,01 42 58.14,07 30 45.77,DA,5495.37115,8.009099,39.80,,19.002
Gaia DR2 1146403741412820864,Gaia EDR3 1146403741412820864,10 22 01.37,82 43 07.01,DA,5490.0,8.32,39.82,,
WD 1238+183,Gaia EDR3 3935942939548822272,12 40 29.83,18 07 27.18,DA,5474.0,8.029,39.43,,19.2
Gaia DR2 6874124023727679104,Gaia EDR3 6874124023727679104,20 08 51.03,-16 19 44.20,DC,5470.0,8.28,38.44,17.75,
Gaia DR2 1042071701528617856,Gaia EDR3 1042071701528617856,08 45 15.56,61 17 04.67,DA,5465.66433,8.015126,35.00,,18.849
GJ 3162,Gaia EDR3 5146358426863612160,02 32 37.95,-14 12 02.68,DA,5465.0,8.034,16.67,15.77,
Gaia DR2 190802650815160960,Gaia EDR3 190802650815160960,05 30 25.95,39 39 15.18,DA,5451.77196,7.920136,33.86,,
Gaia DR2 4257063458004688896,WDJ182951.89-053623.17,18 29 52.01,-05 36 21.37,DA,5450.0,7.97,39.63,,
WD 1741+436,Gaia EDR3 1349256249394224128,17 42 48.46,43 38 05.81,DA,5444.0,7.99,31.39,,18.68
LP 410-67,Gaia EDR3 81606375784491520,02 37 59.11,16 38 07.97,DC,5426.96545,8.0365,31.91,,
GJ 3259,Gaia EDR3 3301319572621418368,04 00 26.29,08 14 00.62,DA,5426.59,7.916668,18.60,15.887,
WD 1230+063,Gaia EDR3 3708578473389974528,12 33 22.36,06 07 05.36,DA,5400.0,8.256,38.14,,19.601
NLTT 18922,Gaia EDR3 3145802036649641472,08 05 27.49,07 35 29.57,DA,5397.0,8.135,34.38,,19.21
GJ 3329,Gaia EDR3 2982808337003815040,05 05 52.65,-17 22 32.86,DAH,5390.0,7.909,19.35,15.97,
2MASS J13002125+0130453,Gaia EDR3 3690395231125833600,13 00 20.86,01 30 47.71,DA,5385.0,7.992,35.97,,19.105
Gaia DR2 2199371701965748992,Gaia EDR3 2199371701965748992,22 00 52.63,58 22 01.90,DA,5379.04866,7.937614,38.04,,
WD 1755+408,Gaia EDR3 4611543459874840832,17 57 04.49,40 52 54.64,DC,5378.06688,8.020407,30.96,,18.492
LP 717-1,Gaia EDR3 2986577153625081344,05 08 19.16,-14 50 31.73,DQpec,5375.0,7.906,34.65,,
2MASS J06322939+2230050,Gaia EDR3 3382277296672027136,06 32 29.20,22 30 02.10,DA,5369.12663,7.910026,37.19,,
G 134-22,Gaia EDR3 351429930856782464,02 16 59.27,42 57 55.90,DA,5363.05298,7.982326,20.53,16.21,
LSR J1945+4650A,Gaia EDR3 2080526555267050496,19 45 29.65,46 50 09.05,DA,5360.56472,8.113526,28.81,,
EGGR 489,Gaia EDR3 1602197696772907648,15 25 42.81,56 29 06.27,DC,5360.47943,7.795918,32.22,,18.408
WD 1756+143,Gaia EDR3 4499839473701254400,17 58 22.00,14 17 28.77,DA,5350.88658,7.934605,21.31,16.27,
Gaia DR2 1282448170543051520,Gaia EDR3 1282448170543051520,14 45 28.02,29 21 24.40,DA,5350.13876,7.940245,38.42,,19.216
Gaia DR2 2410908771246898176,Gaia EDR3 2410908771246898176,22 53 36.35,-14 38 28.73,DC?,5349.0,8.115,36.56,,
Gaia DR2 1140292479690791296,Gaia EDR3 1140292483988569856,07 03 56.70,78 05 02.78,DA,5341.15345,7.857719,24.09,16.46,
Gaia DR2 6246049446837287680,Gaia EDR3 6246049446837287680,16 19 16.13,-18 31 13.10,DA,5340.0,8.34,38.42,,
WD 0315-293,Gaia EDR3 5058635403471767680,03 17 12.31,-29 11 41.72,DAZ,5340.0,,31.50,17.49,
WD 2057-493,Gaia EDR3 6478328218869704192,21 01 04.73,-49 06 27.89,DA,5320.0,8.09,13.34,15.48,
WD 2253+812,Gaia EDR3 2286958798223194624,22 53 39.58,81 30 41.82,DC,5294.05892,8.148726,37.51,17.3,
WD 2228+151,Gaia EDR3 2736054627915080448,22 30 56.16,15 23 56.88,DA,5292.0,8.123,38.53,,19.612
2MASS J22103453+4532401,Gaia EDR3 1962707287281651712,22 10 34.33,45 32 34.32,DC,5290.0,7.854,35.90,,
LSPM J1916+8044,Gaia EDR3 2295446546953958272,19 16 47.59,80 44 32.71,DA,5286.32493,8.061434,35.42,,
Gaia DR2 1385719147346936064,Gaia EDR3 1385719147346936064,16 13 30.42,44 28 00.23,DA,5281.89703,7.997404,30.34,,24.635
GJ 3223,Gaia EDR3 3261591090771914240,03 25 11.30,-01 49 28.95,DAZH,5280.0,8.123,16.93,16.13,
Gaia DR2 2531326283993100416,Gaia EDR3 2531326283993100416,01 04 16.48,-03 50 26.59,DA,5280.0,8.29,35.59,17.55,19.772
Gaia DR2 3059515898856688000,Gaia EDR3 3059515898856688000,07 12 06.08,-04 28 12.00,DA,5280.0,8.06,36.27,,
WD 0108+277,Gaia EDR3 307323228064848512,01 10 44.50,27 58 13.24,DA,5270.0,8.36,38.01,16.15,
GJ 2012,J0041-2221,00 41 25.49,-22 21 08.40,DQ,5262.0,7.907,9.10,14.49,15.766
NLTT 48779,Gaia EDR3 2237893023118101504,20 06 55.26,61 43 07.67,DA,5250.00412,7.344608,33.32,,18.16
GJ 3768,Gaia EDR3 1726678630833373824,13 08 43.84,85 02 24.15,DAP,5240.77366,8.073061,16.47,15.99,
Gaia DR2 6912866381081015552,Gaia EDR3 6912866381081015552,21 08 54.87,-03 12 05.72,DC,5230.0,7.93,35.05,,18.973
WD 1339-340,Gaia EDR3 6165095738576250624,13 41 59.91,-34 15 01.09,DA,5230.0,7.99,20.78,16.45,
EGGR 517,Gaia EDR3 372111985092019840,01 24 22.54,40 23 56.04,DA,5227.0,8.087,27.05,17.12,18.934
WD 1208+076,Gaia EDR3 3904628406009296896,12 11 18.75,07 24 44.52,DA,5222.0,7.925,25.31,16.53,18.51
NLTT 22727,Gaia EDR3 616396182856185728,09 50 21.73,15 09 04.74,DC,5221.28969,7.875099,39.21,,19.14
WD 2152-280,Gaia EDR3 6617996741403360128,21 55 00.82,-27 50 35.53,DC,5220.0,7.846,23.51,16.26,
NLTT 57507,Gaia EDR3 2826254713186397440,23 38 56.63,21 01 21.12,DA,5216.0,7.992,39.42,,19.622
LHS 1219,Gaia EDR3 2533575369771883648,01 15 05.28,-01 33 15.95,DA,5215.0,8.059,34.00,17.59,19.322
LP 676-58,Gaia EDR3 3629758603668233728,13 04 46.07,-05 28 37.65,DA,5215.0,8.024,29.11,17.12,
LP 777-3,Gaia EDR3 2986473765172532864,05 08 36.66,-15 23 03.12,DA,5215.0,8.068,37.44,17.717,
EGGR 462,Gaia EDR3 2790494815860044544,01 04 56.23,21 19 51.98,DA,5210.15399,8.337053,32.62,17.95,19.617
WD 1235+422,Gaia EDR3 1534384148897669248,12 37 51.73,41 56 30.25,DQP,5207.87968,7.800359,36.09,,17.81799
Gaia DR2 885100916128136064,Gaia EDR3 885100916128136064,07 22 05.85,28 06 26.06,DA,5196.13123,8.028445,36.44,,
GJ 1221,Gaia EDR3 1638979384378696704,17 48 03.87,70 52 53.67,DXP,5177.33932,8.09123,6.21,14.15,
LP 890-39,Gaia EDR3 4891567154251463680,04 33 34.07,-27 53 24.96,DC,5170.0,8.046,23.23,16.8,
NLTT 44063,Gaia EDR3 4444590625015876864,17 02 46.34,10 22 45.03,DA,5169.0,8.419,29.32,,19.81
Gaia DR2 4484277256704949376,Gaia EDR3 4484277256704949376,18 24 17.77,12 09 41.19,DA,5161.50515,8.054227,32.81,,
Gaia DR2 933287876501371520,Gaia EDR3 933287876501371520,08 01 31.69,48 52 52.62,DA,5161.0,7.944,35.83,,19.47
2MASS J04325585-3557289,Gaia EDR3 4867574023826934272,04 32 56.26,-35 57 28.38,DA,5153.0,8.0,26.30,17.03,
WD 2309+129,Gaia EDR3 2812250821990695936,23 12 05.95,13 10 54.00,DA:,5152.0,7.93,31.97,,19.234
2MASS J10480182+6334487,Gaia EDR3 1055313016981775488,10 48 01.22,63 34 46.55,DA,5151.0,7.95,34.34,,19.426
2MASS J21220558-3838347,Gaia EDR3 6583325635088476544,21 22 05.82,-38 38 35.71,DC,5150.0,7.86,23.39,16.57,
NLTT 47202,Gaia EDR3 2292861388958880640,18 51 07.01,77 38 36.44,DC,5145.14669,7.930705,30.45,,19.07
GJ 1098,Gaia EDR3 1089400763661597440,07 33 30.98,64 09 23.31,DAP,5126.4521,7.818318,19.97,16.22,
NLTT 7194,Gaia EDR3 522115156720215040,02 11 48.72,71 19 10.42,DC,5125.2097,8.053393,26.96,,19.04
WD 0004+122,Gaia EDR3 2766234439302571904,00 07 20.94,12 30 17.44,DC,5116.76667,8.211452,17.46,,18.15
GJ 3529,Gaia EDR3 1123700235048742016,09 05 31.68,73 14 47.38,DC,5106.35034,7.964319,25.67,,
NLTT 52166,Gaia EDR3 2696628687474414208,21 49 13.63,04 15 46.83,DA,5106.0,7.316,35.10,,18.7
NLTT 40234,Gaia EDR3 1273685372108354176,15 26 21.16,29 36 25.44,DA,5102.0,7.937,23.21,17.18,18.64
Gaia DR2 2202703050401536000,Gaia EDR3 2202703050401536000,21 51 39.93,59 17 34.55,DAH,5095.37478,7.979122,8.46,,
Gaia DR2 439905192004402304,Gaia EDR3 439905192004402304,03 08 50.61,51 28 19.49,DA,5090.75016,7.923787,36.75,,
LHS 2559,Gaia EDR3 1518943638389520384,12 26 34.71,35 13 09.88,DA,5089.0,7.806,34.92,,19.39
WD 1939+662,Gaia EDR3 2248748668919802496,19 39 56.04,66 19 01.96,DC,5074.08057,8.135689,35.20,,
WD 0909+200,Gaia EDR3 636732410620758016,09 12 44.94,19 51 52.38,DA,5073.0,8.04,33.95,,19.688
Gaia DR2 6865904860773722496,Gaia EDR3 6865904860773722496,20 06 32.24,-21 01 42.27,DA,5070.0,7.9,39.09,,
Gaia DR2 244214799689691904,Gaia EDR3 244214799689691904,03 55 56.53,45 25 06.05,DA,5061.60534,7.904663,31.47,,
WD 0821-669,Gaia EDR3 5272690766709543680,08 21 25.61,-67 03 09.46,DA,5060.0,8.12,10.68,15.34,
Gaia DR2 2078430778727685632,Gaia EDR3 2078430778727685632,19 51 18.99,42 09 39.30,DA,5053.61249,8.017583,38.42,,
LHS 1233,Gaia EDR3 2456160271800004096,01 19 31.91,-14 15 36.12,DA,5050.0,7.905,25.40,16.96,
2MASS J04010150+5131304,Gaia EDR3 250862824946594816,04 01 02.14,51 31 17.24,DC,5049.01699,8.221199,25.10,,19.34
Gaia DR2 4126670518631322880,Gaia EDR3 4126670518631322880,16 49 51.17,-21 55 04.78,DA,5040.0,7.94,36.77,,
2MASS J06503681+1657538,Gaia EDR3 3358418684623972864,06 50 36.60,16 57 50.83,DA,5034.31886,8.026335,29.19,,
WD 1411-362,Gaia EDR3 6118079453145005312,14 14 21.26,-36 30 24.48,DA,5030.0,8.0,35.18,17.86,
Gaia DR2 2205493129867600256,Gaia EDR3 2205493129867600256,22 25 49.72,63 57 48.88,DC,5027.3913,7.807471,37.99,,
WD 0551+468,Gaia EDR3 198027266851070848,05 55 43.05,46 50 39.98,DA,5025.64953,7.838186,29.97,17.23,
2MASS J07085228-6706314,Gaia EDR3 5280944182024023552,07 08 51.67,-67 06 32.93,DC,5020.0,7.99,16.96,16.22,
NLTT 12934,Gaia EDR3 229143725086190336,04 18 05.48,42 10 58.81,DA,5013.50644,7.826904,29.66,17.06,
WD 2227+232,Gaia EDR3 1875613386395668864,22 29 34.22,23 27 38.65,DA,5013.0,8.108,36.54,,20.123
WD 0840-136,Gaia EDR3 5734737438536674432,08 42 48.17,-13 47 13.61,DZ,5010.0,8.047,14.81,15.72,
Gaia DR2 396963005168870528,Gaia EDR3 396963005168870528,01 30 55.19,44 14 24.67,DZA,5005.0,7.998,38.17,,20.057
GJ 432 B,Gaia EDR3 3478127467639543296,11 34 29.59,-32 49 49.14,DC,5000.0,8.0,9.56,15.0,
2MASS J04555136+3840505,Gaia EDR3 199060743352070528,04 55 51.71,38 40 50.03,DA,4999.82762,7.992796,32.26,,
Gaia DR2 1348795004265872000,Gaia EDR3 1348795004265872000,17 34 04.31,44 23 02.01,DA,4998.41662,7.986189,37.47,,19.854
LP 70-238,J1653+6253,16 53 59.98,62 53 57.31,DC,4993.0,9.746,30.78,,19.7
SDSS J110318.87+393558.3,Gaia EDR3 776981269136616960,11 03 18.95,39 35 58.24,DAZ,4993.0,7.91,38.88,,20.0
2MASS J11153694+0033171,Gaia EDR3 3810099989754827136,11 15 36.99,00 33 13.07,DA,4989.0,7.524,39.89,,19.522
WD 2322+137,Gaia EDR3 2813020961166816512,23 25 20.25,14 03 41.44,DA,4985.1271,7.304846,23.54,15.81,18.052
WD 0801+228,J0804+2239,08 04 40.63,22 39 44.50,DZ,4985.0,7.953013,39.41,,19.73
2MASS J07535663-2524016,Gaia EDR3 5602379190880667904,07 53 56.27,-25 23 58.18,DA,4975.0,7.937,17.82,16.27,
Wolf 489,LHS 46,13 36 31.68,03 40 44.40,DA,4971.0,7.94,8.24,14.66,16.794
Gaia DR2 980918204822332416,Gaia EDR3 980918204822332416,07 05 49.53,51 42 43.15,DA,4970.92152,8.138701,39.83,,
Gaia DR2 3249479592235301376,Gaia EDR3 3249479592235301376,03 45 01.67,-03 48 49.06,DA,4960.0,7.85,31.07,,
Gaia DR2 4341773063622911872,Gaia EDR3 4341773063622911872,16 04 20.37,-13 31 25.48,DA,4960.0,7.76,37.50,,
EGGR 417,Gaia EDR3 48829075167625472,04 10 17.88,19 54 21.07,DC,4959.714,8.18423,29.13,17.71,19.647
Gaia DR2 4528439381757452928,Gaia EDR3 4528439381757452928,18 23 59.42,20 22 47.64,DC,4953.809,8.010975,38.49,,
2MASS J18215954-5951484,Gaia EDR3 6635520414133666944,18 21 59.39,-59 51 54.25,DC,4950.0,7.44,30.15,16.85,
Gaia DR2 3583402849843287680,Gaia EDR3 3583402849843287680,12 29 55.77,-07 07 28.68,DA,4950.0,7.8,35.37,17.45,
WD 2119+040,Gaia EDR3 2693095097621419648,21 22 12.27,04 13 50.15,DA,4948.0,7.784,24.22,16.78,18.86
Gaia DR2 3032020450247993600,Gaia EDR3 3032020450247993600,07 24 35.18,-13 38 35.79,DA,4940.0,8.04,36.24,17.31,20.075
Gaia DR2 4491748511228743808,Gaia EDR3 4491748511228743808,17 20 06.75,10 22 29.49,DC,4939.44133,7.90028,37.60,,20.057
EGGR 52,LHS 230A,07 30 47.31,48 10 26.61,DA,4934.0,7.89,11.11,15.26,
NLTT 57978,Gaia EDR3 2742789930821144320,23 47 35.31,03 04 35.57,DC,4929.08626,7.741709,25.17,16.9,19.14
GJ 3182,Gaia EDR3 453562088496088320,02 48 35.65,54 23 16.30,DAZ,4928.61299,8.008612,10.87,15.34,
Gaia DR2 5167424240722533760,Gaia EDR3 5167424240722533760,03 11 24.62,-08 53 25.66,DA,4920.0,7.79,38.96,,
Gaia DR2 3160815489969826944,Gaia EDR3 3160815489969826944,06 59 10.88,12 25 24.64,DA,4918.84278,7.845129,36.98,,19.896
LP 20-214,Gaia EDR3 1717341818608187648,12 14 32.47,78 22 52.32,DZ,4911.0,7.925,32.65,,
WD 0802+387,Gaia EDR3 908962109449446656,08 05 56.82,38 33 35.85,DA,4911.0,8.066,20.63,16.89,19.015
WD 0344+014,Gaia EDR3 3270079526697712768,03 47 07.08,01 38 41.11,DC,4908.69588,7.848347,20.17,16.51,
WD 2008-600,Gaia EDR3 6443365570172526848,20 12 32.51,-59 57 13.94,DC,4905.0,7.77,16.45,15.82,
2MASS J04332980+0414477,Gaia EDR3 3282093301842469376,04 33 29.90,04 14 40.58,DA,4900.99215,8.015474,24.30,,
WD 2133+463,Gaia EDR3 1977417206686680704,21 35 17.75,46 33 11.69,DA,4900.26701,7.91818,39.03,17.97,
LHS 1158,Gaia EDR3 2356519298275043200,00 51 11.51,-20 28 03.14,DA,4895.0,7.923,26.92,17.19,
GJ 4166,Gaia EDR3 1844125748497557632,20 50 20.16,26 30 35.95,DA,4894.98772,7.26646,19.14,15.61,17.699
LHS 2478,1153+135,11 56 12.37,13 15 55.45,DC10.3,4889.0,7.766,35.35,17.73,
Gaia DR2 2149253075743572224,Gaia EDR3 2149253075743572224,18 21 47.23,55 09 07.45,DA,4887.55385,7.859318,30.94,,
Gaia DR2 4585067258532443776,Gaia EDR3 4585067258532443776,18 20 21.66,26 19 36.69,DA,4887.40341,8.191306,39.78,,
WD 2345-447,J2348-4428,23 48 16.77,-44 28 11.76,DZ,4886.0,8.1076,36.3046,17.87,
EGGR 105,Gaia EDR3 1232045934759720192,14 12 14.68,15 32 53.49,DC,4882.63653,8.06706,36.48,,20.22
WD 0222-291,J0224-2854,02 24 32.88,-28 54 59.95,DC,4882.0,8.0,28.97,18.05,
Gaia DR2 4348098485293072128,J1556-0806,15 56 47.92,-08 06 04.49,DC,4876.0,9.552,32.72,,
PHL 6585,Gaia EDR3 2523840155996531456,00 45 06.46,-06 08 30.56,DC,4875.0,8.419,30.28,18.26,20.48
2MASS J17470830+2859098,Gaia EDR3 4596322473734130304,17 47 08.15,28 59 07.26,DC,4861.6277,7.783851,36.58,,
2MASS J00022257+6357443,Gaia EDR3 431635455820288128,00 02 24.88,63 57 45.88,DC,4861.09575,7.939469,26.28,,
Gaia DR2 1686322048672412288,Gaia EDR3 1686322048672412288,13 05 02.63,70 22 45.20,DC,4859.66938,8.989732,34.63,,
Gaia DR2 6272326022391660928,Gaia EDR3 6272326022391660928,14 30 14.78,-24 03 32.36,DC,4859.0,7.9,32.57,,
Gaia DR2 4483974792231866624,Gaia EDR3 4483974792231866624,18 26 24.42,11 20 45.09,DA,4858.24522,7.845059,26.99,,
Gaia DR2 2256410856215182464,Gaia EDR3 2256410856215182464,18 35 17.90,64 21 19.51,DC,4857.54238,7.987771,30.22,,19.884
LSPM J0546+1115,Gaia EDR3 3337021260634868224,05 46 15.48,11 15 56.21,DC,4850.99914,7.893084,36.54,,
Gaia DR2 2080526555267049984,Gaia EDR3 2080526555267049984,19 45 29.62,46 50 00.41,DA,4847.88556,7.900849,28.76,,
Gaia DR2 4484184592790777728,Gaia EDR3 4484184592790777728,18 25 23.88,11 35 58.06,DA,4847.74916,7.865104,19.64,,
NLTT 42988,Gaia EDR3 1653044367185115264,16 28 38.60,70 53 14.39,DA,4847.62273,7.949628,32.71,,
Gaia DR2 3112162508466471808,Gaia EDR3 3112162508466471808,06 58 45.51,-01 15 57.23,DA,4840.0,8.02,37.49,,
Gaia DR2 355669578975070976,Gaia EDR3 355669578975070976,02 18 39.68,50 13 48.94,DA,4839.2221,7.759319,27.04,,
Gaia DR2 2169971345155578752,Gaia EDR3 2169971345155578752,20 48 31.60,51 10 44.29,DC,4837.86124,7.921629,38.73,,
Gaia DR2 4153937891610652928,Gaia EDR3 4153937891610652928,18 15 38.95,-11 40 44.42,DC,4830.0,7.86,39.07,,
NLTT 51908,Gaia EDR3 2701893698904233216,21 42 54.40,08 05 24.23,DA,4830.0,8.0,29.90,15.66,19.527
Gaia DR2 1929287700069881856,Gaia EDR3 1929287700069881856,22 52 58.31,39 28 19.42,DC,4826.22609,7.938592,39.55,,
WD J1403+4533,J1403+4533,14 03 24.34,45 33 31.67,DC,4823.0,7.852,34.38,18.91,20.15548
GJ 3420,Gaia EDR3 890661253803216896,07 00 52.11,31 57 34.30,DA,4821.77874,7.874488,19.62,16.593,
Gaia DR2 3073747187092773632,Gaia EDR3 3073747187092773632,08 49 57.58,-01 56 15.38,DC,4820.0,7.89,27.91,17.35,19.601
Gaia DR2 4323956302321933952,Gaia EDR3 4323956302321933952,16 28 18.77,-17 39 19.72,DA,4820.0,7.79,32.27,,
WD 1814+134,Gaia EDR3 4497414466452138496,18 17 06.02,13 28 07.14,DA,4816.11257,7.767634,15.13,15.86,18.03
LP 349-1,Gaia EDR3 2855790657816672000,00 21 47.21,26 40 31.12,DC,4812.4701,7.89551,32.86,,19.808
WD 1252+471,Gaia EDR3 1531097433767946240,12 55 06.76,46 55 17.06,DC,4810.00331,8.361102,37.26,18.75,20.872
EGGR 411,Gaia EDR3 127366331745660288,02 31 41.44,27 09 53.14,DA,4801.3794,7.847769,28.16,,19.582
WD J0135-546,Gaia EDR3 4912620293662031104,01 35 39.95,-54 35 26.51,DC,4800.0,8.0,38.72,18.37,
LP 428-41,Gaia EDR3 639665392247496576,09 48 05.94,20 23 15.44,DC,4798.3468,7.94643,37.20,,20.32
GJ 4054,Gaia EDR3 2158285185808357504,18 21 20.16,61 00 56.21,DA,4795.80262,7.751312,13.71,15.67,
GJ 3866,Gaia EDR3 6282457918962299776,14 47 24.11,-17 42 21.24,DC,4795.0,8.387,13.30,16.43,
2MASS J18195921+1739190,Gaia EDR3 4523585076572785408,18 19 59.48,17 39 20.49,DC,4794.96465,7.959613,34.20,,
WD 2305+239,Gaia EDR3 2842462137347560320,23 08 12.98,24 14 24.34,DC,4786.43069,7.837222,40.00,,20.469
Gaia DR2 2676567307551465088,Gaia EDR3 2676567307551465088,21 58 39.04,-02 39 16.88,DC,4780.0,7.84,28.03,,19.571
GJ 3288,Gaia EDR3 3283853143218651264,04 26 21.37,04 32 21.50,DA,4776.52268,8.114023,21.25,17.14,
Gaia DR2 4349513797276615680,Gaia EDR3 4349513797276615680,16 04 14.77,-07 27 05.07,DC,4770.0,8.47,26.87,,
Gaia DR2 78649033103100416,Gaia EDR3 78649033103283584,02 02 10.64,16 02 03.09,DZ,4763.61789,8.130832,32.27,,21.232
LHS3151,Gaia EDR3 4411572123331402880,16 04 52.91,00 55 12.31,DC,4763.27858,7.823114,32.47,17.76,19.903
NLTT 13519,Gaia EDR3 159277625222514048,04 34 20.48,30 54 17.79,DC,4756.73336,8.054611,34.07,,
Gaia DR2 4230380819051252736,Gaia EDR3 4230380819051252736,20 15 30.34,00 01 10.59,DC,4755.58062,7.922797,25.47,,19.454
EGGR 463,Gaia EDR3 2790494850219788160,01 04 57.72,21 20 10.53,DC,4752.40115,8.116686,32.46,18.09,20.337
LP 324-69,Gaia EDR3 1454347089739329152,14 06 44.34,31 30 25.85,DC,4745.69739,7.909589,39.46,,20.54
Gaia DR2 4542785981266940416,Gaia EDR3 4542785981266940416,17 29 45.28,14 35 41.64,DC,4731.37613,8.246431,31.86,,
Gaia DR2 2676566272464334720,Gaia EDR3 2676566272464334720,21 58 47.03,-02 40 24.84,DC,4730.0,7.83,27.98,,19.73
Gaia DR2 4379812558164849408,Gaia EDR3 4379812558164849408,17 05 02.70,-01 45 05.40,DC,4730.0,7.97,28.30,,19.97
NLTT 45830,Gaia EDR3 2123432247756223488,18 01 27.30,50 50 02.53,DC,4726.126,7.837777,30.98,,19.87
WD 1856+534,Gaia EDR3 2146576589564898688,18 57 39.78,53 30 32.46,DC,4707.39834,7.865293,24.76,,
LP 267-311,Gaia EDR3 1517239773324267904,12 54 10.97,36 20 58.08,DC,4706.02839,7.811377,28.55,,19.74
LSPM J1614+0906,Gaia EDR3 4452997701376633728,16 14 24.61,09 05 57.78,DC,4695.99988,7.835008,27.85,,19.69
Gaia DR2 3156974449176326528,Gaia EDR3 3156974449176326528,07 17 02.74,11 25 38.67,DA,4688.93169,7.783584,29.65,,
WD 0921+315,Gaia EDR3 700531568527365376,09 24 30.61,31 20 27.55,DC,4686.58124,7.935528,38.19,,20.56
WD 0958+436,Gaia EDR3 808030648576069760,10 02 04.13,43 26 44.13,DC,4671.83733,7.897745,34.94,,20.463
LHS 2710,Gaia EDR3 3506567328028533120,13 16 18.85,-20 07 31.43,DZ,4667.0,8.1418,23.13,17.16,
WD 1108+207,Gaia EDR3 3990494251184010496,11 10 58.40,20 26 06.23,DC,4658.59079,7.940419,27.85,17.7,19.972
WD 1033+714,Gaia EDR3 1076941716370493696,10 36 56.33,71 10 51.30,DC,4657.67021,8.135345,17.63,16.94,
LP 606-32,Gaia EDR3 5764485618978306176,08 59 13.08,-00 58 44.77,DC,4655.0,7.733,18.25,16.33,18.382
2MASS J19400895+8348579,Gaia EDR3 2301882675705225472,19 40 00.36,83 48 51.28,DC,4653.64409,8.223807,35.73,,
GJ 1102 B,Gaia EDR3 3144837112115126400,07 50 15.57,07 11 08.45,DC,4648.6998,7.878926,18.15,16.99,19.729
2MASS J02145697+7746000,Gaia EDR3 561231932144411008,02 14 58.37,77 45 53.82,DC,4647.76861,8.085982,39.68,,
LP 410-52,Gaia EDR3 88996326578456192,02 33 39.05,21 25 09.73,DC,4641.64331,7.798969,28.48,,19.85
Gaia DR2 4539227892919675648,Gaia EDR3 4539227892919675648,18 47 33.56,28 20 52.05,DC,4630.0,8.14,40.00,,
LP 240-30,Gaia EDR3 383108338321272448,00 07 54.61,39 47 30.95,DC,4626.68914,6.88253,34.36,17.12,
WD 0541+260,Gaia EDR3 3429296884940000000,05 44 58.85,26 02 37.91,DC,4625.22834,7.108128,36.01,,
2MASS J05265609+4435395,Gaia EDR3 208021900557436800,05 26 56.49,44 35 32.80,DC,4621.83572,7.836165,38.89,,
WD 1434+437,Gaia EDR3 1493367245581725184,14 36 42.37,43 32 42.68,DC,4618.75082,7.848068,27.16,,19.897
LHS 2534,Gaia EDR3 3694399755554510720,12 14 56.77,-02 34 09.55,DZP10.9,4618.0,7.873,38.05,17.85,20.872
MASTER OT J005559.13+594802.1,Gaia EDR3 426122397136335872,00 55 59.26,59 48 01.63,DC,4615.00107,7.820289,22.84,,
Gaia DR2 2146645790077864704,Gaia EDR3 2146645790077864704,18 55 17.93,53 59 22.63,DC,4610.30438,7.883771,28.01,,
WD 1717-014,Gaia EDR3 4367353266060378624,17 19 52.48,-01 30 04.87,DC:10.9,4605.0,7.98,38.48,,
GJ 4133,Gaia EDR3 4190813690536580608,20 05 36.03,-10 56 55.74,DC,4600.0,8.179,17.30,16.9,19.41317
2MASS J13453297+4200437,Gaia EDR3 1500607765872799616,13 45 32.69,42 00 45.71,DC,4588.22146,7.153651,37.47,,19.76
Gaia DR2 1936315366080098432,Gaia EDR3 1936315366080098432,23 03 04.34,46 32 39.63,DC,4583.01377,8.053666,39.54,,
2MASS J03105758+6634022,Gaia EDR3 492442090962517376,03 10 59.44,66 33 55.67,DC,4580.67495,7.781646,38.40,,
LP 823-44,Gaia EDR3 2394366515727615104,23 43 14.70,-16 59 44.76,DZ,4580.0,7.99,24.79,17.01,
Gaia DR2 1117334024067935872,Gaia EDR3 1117334024067935872,08 58 04.54,68 13 37.78,DC,4577.51303,7.943278,38.16,,
Gaia DR2 2747384888699406080,J0027+0554,00 27 02.83,05 54 26.64,DC,4575.0,8.275182,36.96,,20.345
Gaia DR2 4355229123137665792,Gaia EDR3 4355229123137665792,16 21 25.56,-05 52 20.36,DC,4570.0,7.74,39.04,,
GJ 1179 B,Gaia EDR3 1251824057289839744,13 48 01.28,23 34 48.44,DC,4557.88813,7.755602,11.86,15.65,18.118
WD 0749+426,Gaia EDR3 925532265076649472,07 53 13.44,42 29 55.37,DC,4557.6557,7.797871,27.42,17.45,20.072
Gaia DR2 2818957013992481280,J2317+1830,23 17 26.70,18 30 45.51,DC,4557.0,8.777569,37.86,,21.784
WD 0233-242,Gaia EDR3 5125186299678747008,02 35 21.67,-24 00 56.84,DC,4555.0,7.267,18.47,15.94,
Gaia DR2 1929838143078434432,J2305+3922,23 05 49.95,39 22 25.27,DC,4550.0,8.875308,35.90,,
Gaia DR2 2669936427801840256,J2150-0439,21 50 08.61,-04 39 03.77,DC,4549.0,8.32,35.50,,19.576
Gaia DR2 4611204329256349312,Gaia EDR3 4611204329256349312,17 59 19.52,39 24 58.42,DC,4537.50609,7.815355,39.21,,20.877
Gaia DR2 1007682723024253184,Gaia EDR3 1007682723024253184,06 18 48.49,62 04 24.05,DC,4533.72807,7.803015,39.08,,
Gaia DR2 2064284054100290048,Gaia EDR3 2064284054100290048,20 31 02.72,39 34 56.23,DC,4533.0803,7.866216,35.20,,
Gaia DR2 2208530698238308736,Gaia EDR3 2208530698238308736,23 00 56.26,64 08 14.09,DC,4530.97586,7.852236,36.50,,20.667
GJ 3614,Gaia EDR3 3553682127126319360,10 38 55.24,-20 40 48.01,DQpec,4530.0,8.074,14.12,16.25,
PM J17476-5436,Gaia EDR3 5920900901901635968,17 47 36.11,-54 36 36.07,DC,4530.0,7.97,13.52,16.28,
Gaia DR2 983979721933760768,Gaia EDR3 983979721933760768,07 30 24.99,53 32 10.52,DC,4527.09629,7.858605,36.20,,
Gaia DR2 5651964996310470144,Gaia EDR3 5651964996310470144,09 09 12.77,-22 46 26.96,DC,4510.0,7.98,39.35,18.5,
Gaia DR2 4094555467661923328,Gaia EDR3 4094555467661923328,18 19 09.70,-19 34 41.79,DC,4500.0,7.87,39.48,,
Gaia DR2 5755957119598921728,Gaia EDR3 5755957119598921728,08 55 34.62,-08 33 52.82,DC,4500.0,7.75,33.12,18.04,
Gaia DR2 1892992267183979776,Gaia EDR3 1892992267183979776,21 57 59.97,27 05 24.80,DC,4499.42017,7.729421,36.97,,20.675
WD 1012+083.2,Gaia EDR3 3875651975353757440,10 15 01.43,08 06 13.78,DC,4491.34735,7.806533,29.48,,20.318
NAME HL 4,J0555-0410,05 55 09.49,-04 10 04.30,DZ,4491.0,7.9157,6.4412,14.45,
Gaia DR2 3080914632816248448,Gaia EDR3 3080914632816248448,07 52 52.77,-03 07 06.29,DC,4470.0,7.79,37.18,,
LHS 1093,Gaia EDR3 2528728726428345216,00 32 10.54,-02 53 59.22,DA,4470.0,8.07,23.54,17.32,19.912
EGGR 555,Gaia EDR3 2631967439437024384,23 19 08.87,-06 13 15.40,DC,4465.0,7.725,36.30,18.15,20.62
Gaia DR2 6250213984568447872,Gaia EDR3 6250213984568447872,16 00 40.25,-16 54 27.10,DC,4460.0,8.13,30.34,18.36,21.97
Gaia DR2 6875432476922523520,Gaia EDR3 6875432476922523520,20 31 00.60,-14 50 41.42,DC,4460.0,8.03,37.85,,21.171
VB 3,Gaia EDR3 5588614164276695424,07 45 38.07,-33 55 24.45,DC,4460.0,7.96,15.43,16.59,
LSPM J2059+5517,Gaia EDR3 2188860027203347968,20 59 45.41,55 17 36.71,DC,4442.14425,7.8977,22.75,,19.97
Gaia DR2 2541549062071571968,Gaia EDR3 2541549062071571968,00 13 33.36,-02 13 21.95,DC,4440.0,7.8,38.82,,21.015
Gaia DR2 4288942973032203904,J1922+0233,19 22 06.27,02 33 12.83,DZ,4436.0,9.1,39.40,,
WD 2226-754,Gaia EDR3 6357630601240673792,22 30 41.70,-75 14 24.45,DC,4410.0,7.87,15.04,16.56,
WD 2215+368,Gaia EDR3 1907041590544054656,22 17 48.23,37 07 52.37,DC,4393.78022,7.837446,20.31,17.16,
Gaia DR2 3249479592234269056,Gaia EDR3 3249479592234269056,03 45 01.52,-03 48 53.97,DC,4390.0,7.87,31.03,,
WD 1120+073,Gaia EDR3 3817534337626005632,11 23 31.46,07 01 19.90,DC,4370.0,7.348,32.016,17.49,
VB 11,Gaia EDR3 6913810483611035776,20 56 48.62,-04 50 43.11,DC,4365.0,7.854,16.19,16.69,
Gaia DR2 1722236328978172928,Gaia EDR3 1722236328978172928,15 15 33.54,82 30 31.52,DZH,4361.46541,7.804449,38.27,,
PM J02238+2055,Gaia EDR3 87648226538760064,02 23 48.97,20 55 46.25,DC,4344.08258,7.808131,38.48,,21.3
WD 0011-399,Gaia EDR3 4996458845552956928,00 13 47.18,-39 37 35.88,DC,4340.0,8.0,35.84,18.19,
LP 315-42,Gaia EDR3 740483560857296768,10 11 41.43,28 45 47.66,DQpecP,4335.0,8.211,14.73,17.51,18.27
Gaia DR2 20484382662003968,Gaia EDR3 20484382662003968,02 50 07.33,08 17 46.70,DC,4329.29459,7.649362,38.00,,
SDSS J115814.51+000458.2,Gaia EDR3 3795052348495488896,11 58 14.49,00 05 01.48,DC,4310.88072,7.759996,34.60,,20.93
WD 1346+121,Gaia EDR3 3728074738695246336,13 49 02.48,11 55 05.10,DC,4289.16105,8.002497,28.34,18.17,20.585
LP 771-7,Gaia EDR3 5128633195616949120,02 45 32.47,-19 51 33.79,DC,4275.0,7.797,32.15,,
LP 355-59,Gaia EDR3 62884540326096896,03 20 20.37,23 33 25.85,DC,4274.43461,7.21242,39.80,,
LP 448-24,Gaia EDR3 4549622027311531904,17 43 00.47,17 01 41.21,DC,4266.06233,7.898005,33.42,,21.268
LHS 3088,Gaia EDR3 1401010605309570816,15 34 50.43,46 49 52.29,DC,4253.95658,7.800241,30.79,,20.957
GJ 1102 A,Gaia EDR3 3144837318276010624,07 50 14.81,07 11 20.40,DC,4241.61851,7.7608,18.19,16.69,18.963
Gaia DR2 5181816233750415488,Gaia EDR3 5181816233750415488,03 11 39.27,-05 51 16.44,DC,4220.0,7.83,31.63,18.72,
Gaia DR2 5709868512742196608,Gaia EDR3 5709868512742196608,08 31 51.25,-16 43 37.99,DC,4220.0,7.93,36.05,,
WD 2226-755,Gaia EDR3 6357629089412187648,22 30 35.25,-75 15 53.55,DC,4200.0,7.89,15.04,16.87,
LHS 1341,Gaia EDR3 92597914738232448,02 06 15.56,18 36 25.62,DC,4189.04528,7.759379,36.43,,21.29
Gaia DR2 2006217676803960960,Gaia EDR3 2006217676803960960,22 18 00.80,56 02 18.63,DC,4187.59394,7.537044,39.36,,
Gaia DR2 5688717241916173568,Gaia EDR3 5688717241916173568,09 39 48.10,-14 58 37.12,DC,4170.0,7.83,35.51,,
NAME ER 8,Gaia EDR3 6085402414245451520,13 12 53.06,-47 28 08.89,DC,4158.0,8.09,16.78,17.05,
2MASS J13131314+0226457,Gaia EDR3 3691685882071367936,13 13 12.34,02 26 44.03,DC,4151.00941,7.799718,30.88,,21.031
GJ 1276,Gaia EDR3 2611561706216413696,22 53 56.06,-06 47 05.39,DZ,4132.0,8.0309,8.54,15.7,19.641
Gaia DR2 3103811515783541504,Gaia EDR3 3103811515783541504,06 41 12.73,-04 32 04.22,DC,4130.0,7.8,20.40,17.27,
WD 1300+263,Gaia EDR3 1459546263999675264,13 03 16.88,26 03 15.22,DC,4122.50503,7.814912,37.96,18.77,21.638
WD 0042-337,Gaia EDR3 5006232026455470848,00 45 21.93,-33 29 52.78,DA,4100.0,8.0,32.84,19.01,
LHS 1405,Gaia EDR3 515289392829738624,02 26 33.43,64 59 23.87,DC,4079.45457,7.766522,30.96,18.29,
2MASS J04255699+4614177,Gaia EDR3 256832412872262656,04 25 57.13,46 14 18.19,DC,4062.70647,8.002702,37.55,,
Gaia DR2 2073772770741915264,J1951+4026,19 51 51.74,40 26 24.90,DC,4034.0,8.222663,39.95,,
WD 2220+121,Gaia EDR3 2730707290168343680,22 22 30.79,12 21 54.69,DC12.5,4032.0,7.785,36.52,17.58,19.489
WD 1336+052,Gaia EDR3 3714914271705535360,13 41 21.34,05 00 46.15,DC,4030.15982,7.7546,14.67,16.71,19.67
Gaia DR2 3346603611845335424,Gaia EDR3 3346603611845335424,05 48 39.70,13 25 48.09,DC,3999.46025,7.803813,35.42,,
Gaia DR2 420531621029108608,Gaia EDR3 420531621029108608,00 13 25.88,54 38 07.25,DC,3978.62059,7.705879,32.28,,
WD J0205-053,Gaia EDR3 2490975272405858048,02 05 12.64,-05 17 48.02,DC,3920.0,7.72,32.18,18.59,21.31
Gaia DR2 675615677264385536,Gaia EDR3 675615677264385536,08 13 24.99,19 57 28.53,DC,3739.41649,7.62497,35.46,,21.755
LHS 2068,J0853-2446,08 53 58.41,-24 46 53.74,DC,3738.0,7.89,25.74,18.09,
Gaia DR2 105240786245136256,Gaia EDR3 105240786245136256,01 58 26.04,25 30 44.96,DC,3736.62372,7.523225,38.27,,21.932
EGGR 536,Gaia EDR3 1570514066627694336,12 50 07.22,54 46 46.12,DC,3690.98331,7.482123,23.70,17.79,21.089
EGGR 539,Gaia EDR3 1671668067321674368,14 05 54.70,66 48 01.86,DC,3652.25067,7.575479,36.71,,
WD 0343+247,J0346+2455,03 46 47.13,24 55 44.15,DC,3643.0,7.519,39.53,19.04,
WISEP J074509.38+262659.1,Gaia EDR3 874900643675606912,07 45 09.58,26 26 54.94,DC,3633.8833,7.690759,39.16,,22.06
Gaia DR2 3822028007288795264,J1004-0506,10 04 23.99,-05 06 21.17,DC,3598.0,7.81,35.34,,
Gaia DR2 4484289866726156160,J1824+1213,18 24 58.14,12 12 59.57,DZ,3414.0,7.630276,39.97,,
SDSS J110217.48+411315.4,Gaia EDR3 777395029106166272,11 02 17.38,41 12 53.11,DC,3371.0,7.598,34.86,,22.96385
2MASS J10280776-6327128,2MASS J10280776-6327128,10 28 07.76,-63 27 12.85,DAZ?,,,20.75,,
Gaia DR2 138980885387441408,Gaia EDR3 138980885387441408,03 04 33.13,36 11 50.47,,,,29.19,,18.667
Gaia DR2 1482387144509909632,Gaia EDR3 1482387144510345856,14 09 04.55,35 34 51.50,,,,24.31,,21.166
Gaia DR2 1688618481786030336,Gaia EDR3 1688618481786030336,13 18 29.40,73 53 17.50,,,,36.43,,
Gaia DR2 1768393380436198528,Gaia EDR3 1768393380436198528,22 04 43.39,14 14 00.88,,,,38.91,,18.206
Gaia DR2 1773756450263532928,Gaia EDR3 1773756450263532928,21 40 47.74,17 27 19.67,,,,36.08,,17.839
Gaia DR2 1794077216147295872,Gaia EDR3 1794077216147836672,21 37 23.26,22 48 11.61,,,,33.79,,19.324
Gaia DR2 1806529254064603136,Gaia EDR3 1806529254064603136,20 08 27.83,13 32 51.96,,,,38.93,,
Gaia DR2 1807451911815822848,Gaia EDR3 1807451911815822848,19 54 13.06,14 41 26.92,,,,26.58,,
Gaia DR2 1816648196999960192,Gaia DR2 1816648196999960192,20 26 17.07,19 46 07.84,,,,39.43,,
Gaia DR2 1820897706418880256,Gaia EDR3 1820897706418880256,19 45 30.77,16 43 39.06,,,,29.65,,
Gaia DR2 1822521027916668032,Gaia EDR3 1822521032223142272,20 11 45.96,19 38 40.08,,,,32.39,,
Gaia DR2 1827187256505415040,UCAC4 563-099325,19 55 13.90,22 24 58.79,,,,14.82,15.64,
Gaia DR2 1827747423304288384,UCAC4 563-093667,19 43 33.65,22 25 13.78,,,,17.46,,
Gaia DR2 1830478056122686208,Gaia EDR3 1830478060436577536,20 14 37.20,23 16 07.10,,,,29.79,,
Gaia DR2 1858028317110761600,Gaia EDR3 1858028317110761600,20 47 13.23,28 18 51.01,,,,37.41,,
Gaia DR2 1858218631411127552,Gaia DR2 1858218631411127552,20 50 09.26,29 19 29.59,,,,32.79,,
Gaia DR2 1858619304615903360,Gaia EDR3 1858619304629874816,20 52 41.84,29 48 27.31,,,,17.57,,
Gaia DR2 1868037789945638784,BD+34 4298,21 08 44.98,35 29 20.94,A1IV,,,23.66,10.55,
Gaia DR2 189857173895150592,Gaia DR2 189857173895150592,05 46 15.88,38 03 24.86,,,,29.93,,
Gaia DR2 1908289570600930560,Gaia EDR3 1908289566302083840,22 35 44.74,39 14 51.24,,,,33.79,,
Gaia DR2 1932007513880133504,UCAC4 673-120972,23 09 17.74,44 28 59.27,,,,24.78,,
Gaia DR2 1940843120604424576,Gaia EDR3 1940843120604424576,23 48 05.25,49 28 25.81,,,,28.41,,19.375
Gaia DR2 1950146977542203392,Gaia EDR3 1950146981845212416,21 31 32.77,33 23 01.08,,,,28.27,,
Gaia DR2 2090670890062670080,Gaia DR2 2090670890062670080,18 51 19.94,33 11 09.61,,,,8.88,,
Gaia DR2 2108403809293377280,Gaia DR2 2108403809293377280,18 31 37.71,38 20 26.86,,,,39.75,,
Gaia DR2 2377344185944929152,Gaia EDR3 2377344185944929152,00 44 34.87,-11 48 38.68,,,,36.92,,
Gaia DR2 2550915977722959616,Gaia EDR3 2550915973427676032,00 49 40.60,03 34 00.18,,,,34.31,,19.958
Gaia DR2 283928743068277376,Gaia EDR3 283928743068277376,05 06 00.44,59 03 21.35,,,,36.06,,
Gaia DR2 2928052241330823424,Gaia DR2 2928052241330823424,07 16 38.01,-22 29 51.14,,,,36.01,,
Gaia DR2 2929222950635672832,Gaia EDR3 2929222950635672832,07 11 04.35,-20 49 58.77,,,,31.95,,
Gaia DR2 2930237589409412992,Gaia EDR3 2930237593717611904,07 23 58.86,-20 05 02.21,,,,31.16,,
Gaia DR2 2930247695470744064,Gaia EDR3 2930247695480635392,07 22 00.22,-20 07 14.83,,,,34.19,,
Gaia DR2 2930271811710225792,Gaia EDR3 2930271811710225792,07 25 36.99,-19 47 13.81,,,,25.27,,
Gaia DR2 3034591177146149376,Gaia DR2 3034591177146149376,07 22 28.15,-12 24 54.82,,,,34.49,,
Gaia DR2 3054740204465650432,Gaia EDR3 3054740204465650432,07 27 14.15,-07 18 38.28,,,,12.37,14.96,
Gaia DR2 3098515202639759872,Gaia EDR3 3098515202639759872,06 46 43.38,-09 08 39.37,,,,30.12,,
Gaia DR2 3122856740807931904,UCAC4 456-015817,06 13 50.54,01 04 26.40,,,,16.86,,
Gaia DR2 3133234270848803840,TYC 747-2190-1,06 48 11.08,07 41 43.11,,,,35.23,10.55,
Gaia DR2 3149350263748762752,Gaia EDR3 3149350263748762752,07 39 18.77,09 45 06.46,,,,33.20,,
Gaia DR2 3381438884699365632,Gaia DR2 3381438884699365632,06 47 11.68,24 32 02.84,,,,35.29,,
Gaia DR2 3433674040729266048,Gaia EDR3 3433674040729266048,06 23 29.26,28 45 53.68,,,,13.88,,
Gaia DR2 382242610351540992,Gaia EDR3 382242606056866560,00 23 33.01,43 20 29.76,,,,18.72,,
Gaia DR2 3838842799957474304,Gaia DR2 3838842799957474304,09 21 38.08,-01 43 00.80,,,,34.07,,20.429
Gaia DR2 388990137117346688,Gaia EDR3 388990141412251392,00 25 49.76,46 16 13.42,,,,26.35,,
Gaia DR2 4004185576130620288,Gaia EDR3 4004185576130620288,11 50 06.33,24 03 52.45,,,,30.12,,24.515
Gaia DR2 405169313282907392,Gaia DR2 405169313282907392,00 59 12.48,53 12 00.72,,,,23.38,,
Gaia DR2 409469301401144064,Gaia DR2 409469301401144064,01 48 00.37,56 00 37.35,,,,26.31,,19.893
Gaia DR2 4101469261156164992,Gaia DR2 4101469261156164992,18 57 46.93,-14 25 22.64,,,,21.91,,
Gaia DR2 411899084662629248,Gaia EDR3 411899080357929728,01 03 43.46,55 59 41.33,,,,26.12,,
Gaia DR2 4129144660321847040,Gaia EDR3 4129144660325549184,17 00 27.26,-18 49 58.55,,,,4.10,,
Gaia DR2 413446986574406784,Gaia EDR3 413446986574406784,01 15 19.41,57 38 37.23,,,,25.89,,
Gaia DR2 413835152840956032,Gaia EDR3 413835152840956032,01 20 42.88,58 21 54.69,,,,37.31,,
Gaia DR2 418120014070408448,Gaia EDR3 418120014070408448,00 30 23.84,54 47 42.77,,,,35.36,11.35,
Gaia DR2 423541435332331776,Gaia EDR3 423541435332331776,01 00 40.29,55 57 48.81,,,,25.15,,
Gaia DR2 4325762417673149184,Gaia EDR3 4325762421975138688,16 42 18.34,-16 24 40.78,,,,35.69,,
Gaia DR2 4327416151879798016,Gaia EDR3 4327416156179001472,16 40 52.36,-14 13 33.75,,,,38.22,,
Gaia DR2 4525372848115836288,Gaia DR2 4525372848115836288,18 24 31.36,19 37 23.82,,,,18.78,,
Gaia DR2 4530061474931989248,Gaia DR2 4530061474931989248,18 23 04.54,22 11 51.74,,,,39.54,,20.622
Gaia DR2 4531427996104803328,Gaia EDR3 4531427996107723520,18 51 36.00,22 13 07.55,,,,33.61,,
Gaia DR2 4613612951211823616,Gaia EDR3 4613612951211823616,03 17 18.28,-85 32 31.65,DA,,,29.39,13.66,
Gaia DR2 4617960488907213184,Gaia EDR3 4617960488907213184,01 38 42.03,-83 25 33.32,sdB+F,,,31.33,15.79,
Gaia DR2 4652123895783242112,Gaia EDR3 4652123895783242112,05 19 42.63,-70 13 56.95,,,,39.64,18.774,
Gaia DR2 4677461862018523776,Gaia EDR3 4677461862018523776,04 35 38.36,-61 05 36.20,DC,,,25.24,,
Gaia DR2 4687445500635789184,OGLE SMC115.5 319,01 11 03.67,-72 27 41.26,,,,28.73,18.232,
Gaia DR2 478978296199510912,Gaia DR2 478978296199510912,04 56 20.38,64 09 27.64,,,,22.13,,
Gaia DR2 4805691447831511680,Gaia EDR3 4805691447831511680,05 28 44.13,-43 04 49.81,DA,,,38.33,16.09,
Gaia DR2 4829340465475546880,Gaia EDR3 4829340465475546880,03 43 47.38,-51 25 22.82,sdB(+F?),,,27.91,15.85,
Gaia DR2 4860061541910268160,Gaia EDR3 4860061541910268160,03 40 10.97,-36 10 38.68,DA9,,,34.39,,
Gaia DR2 4970215770740383616,LP 941-19,02 13 48.83,-33 45 30.03,,,,18.79,15.49,
Gaia DR2 5053839127592396032,Gaia EDR3 5053839127592396032,03 28 50.99,-32 38 25.22,DC,,,30.79,17.5,
Gaia DR2 5224999346778496128,Gaia EDR3 5224999346778496128,11 47 30.06,-74 57 37.57,DC11+,,,19.97,,
Gaia DR2 5388381238446834304,Gaia EDR3 5388381238446834304,10 53 10.86,-43 21 54.78,,,,36.91,,
Gaia DR2 5388509095328523776,Gaia EDR3 5388509095328523776,10 51 51.42,-42 37 21.33,,,,38.90,,
Gaia DR2 5563539217484322816,Gaia DR2 5563539217484322816,06 52 31.66,-41 05 28.54,,,,34.84,,
Gaia DR2 5602191655425794688,UCAC4 323-038274,07 55 45.24,-25 25 35.86,,,,22.40,,
Gaia DR2 5613667528847139200,Gaia EDR3 5613667528847139200,07 28 46.69,-25 31 18.01,,,,38.85,,
Gaia DR2 5614338059145588608,Gaia DR2 5614338059145588608,07 48 55.74,-25 26 07.36,,,,28.37,,
Gaia DR2 5614343011257214720,Gaia EDR3 5614343011257214720,07 48 12.54,-25 21 31.52,,,,34.92,,
Gaia DR2 5614454680402273152,Gaia DR2 5614454680402273152,07 50 10.90,-24 57 30.96,,,,27.73,,
Gaia DR2 5614623794729505536,Gaia DR2 5614623794729505536,07 45 38.88,-24 43 24.71,,,,24.21,,
Gaia DR2 5614676330771453440,Gaia DR2 5614676330771453440,07 41 58.43,-24 34 12.44,,,,30.09,,
Gaia DR2 5615515777843690368,Gaia EDR3 5615515773536993920,07 39 04.47,-24 00 01.18,,,,28.14,,
Gaia DR2 5615583844469253376,Gaia EDR3 5615583844485896448,07 44 38.85,-23 31 58.56,,,,20.84,,
Gaia DR2 5615665105256804736,Gaia EDR3 5615665105256804736,07 42 47.28,-23 12 22.01,,,,39.09,,
Gaia DR2 5615793645037666944,Gaia EDR3 5615793645047246976,07 37 53.54,-23 15 38.11,,,,38.06,,
Gaia DR2 5615913079485168256,Gaia EDR3 5615913079498115200,07 42 54.35,-22 30 22.11,,,,33.17,,
Gaia DR2 5616844292816496768,Gaia EDR3 5616844297126718208,07 22 41.69,-24 59 49.13,,,,33.51,,
Gaia DR2 5644850125291506048,Gaia EDR3 5644850125291506048,08 29 33.52,-29 03 34.59,,,,35.76,,
Gaia DR2 5677405839952342784,Gaia DR2 5677405839952342784,09 40 39.12,-20 07 22.68,,,,37.04,,
Gaia DR2 5681547322296619648,Gaia EDR3 5681547326592326528,09 25 51.95,-17 58 18.88,,,,37.44,,
Gaia DR2 5681984687406309632,Gaia EDR3 5681984687406309632,09 27 34.53,-17 09 36.74,,,,39.02,,
Gaia DR2 5692638306546374016,Gaia EDR3 5692638306546374016,08 12 55.19,-29 26 01.08,,,,27.01,,
Gaia DR2 5694305471114215808,Gaia EDR3 5694305475422561536,08 16 21.10,-26 27 02.96,,,,38.90,,
Gaia DR2 5695270640463193856,Gaia DR2 5695270640463193856,08 28 42.19,-25 17 24.95,,,,36.42,,
Gaia DR2 5697099197027670528,Gaia EDR3 5697099197027670528,08 05 53.99,-26 39 59.32,,,,35.66,,
Gaia DR2 5698204481090887424,Gaia EDR3 5698204481095987328,07 57 31.28,-25 31 55.21,,,,35.04,,
Gaia DR2 5698279625840747648,Gaia EDR3 5698279625842983680,07 56 57.85,-25 07 28.79,,,,32.69,,
Gaia DR2 5699064402257238912,TYC 6554-3025-1,08 02 07.80,-23 28 17.76,,,,35.87,11.2,
Gaia DR2 5715478732169133952,Gaia DR2 5715478732169133952,07 37 27.80,-20 23 45.94,,,,23.62,,
Gaia DR2 5715492411643646976,Gaia EDR3 5715492411643646976,07 41 32.91,-20 38 08.08,,,,18.33,,
Gaia DR2 5716540143147016192,Gaia DR2 5716540143147016192,07 34 43.17,-19 17 03.74,,,,28.28,,
Gaia DR2 5717174110375643136,Gaia DR2 5717174110375643136,07 38 44.15,-17 42 56.95,,,,25.96,,
Gaia DR2 5723025990432651648,Gaia EDR3 5723025990435533056,08 18 43.98,-15 12 09.35,,,,32.88,,
Gaia DR2 5725608326636640000,Gaia EDR3 5725608326636640000,07 54 54.86,-14 11 36.65,,,,30.27,,
Gaia DR2 5725759307626562688,Gaia EDR3 5725759307626562688,07 58 25.39,-13 22 20.94,,,,28.62,,
Gaia DR2 5727489384870160512,Cl* NGC 2539 ZUG 6,08 10 31.22,-12 52 02.98,,,,34.84,11.1,
Gaia DR2 5730119519764084992,Gaia EDR3 5730119524061101312,08 51 18.30,-16 33 15.29,,,,33.35,,
Gaia DR2 5765288880944438144,Gaia EDR3 5765288880944438144,17 00 39.09,-87 23 54.35,D,,,32.54,14.57,
Gaia DR2 5769937474369358976,Gaia DR2 5769937474369358976,14 44 00.63,-83 40 07.53,,,,15.86,,
Gaia DR2 5811096425148180992,Gaia EDR3 5811096425150718336,17 20 00.49,-69 29 30.70,,,,21.46,,
Gaia DR2 5822579892092712576,Gaia EDR3 5822579892092712576,15 51 36.98,-65 18 27.44,,,,36.69,,
Gaia DR2 5824888591633805440,Gaia EDR3 5824888595970910336,15 25 24.15,-65 47 30.85,,,,19.65,,
Gaia DR2 5824890756297614464,Gaia EDR3 5824890756297614464,15 26 11.64,-65 41 45.20,,,,38.48,,
Gaia DR2 5825187972369019264,Gaia EDR3 5825187972369019264,15 18 22.50,-64 49 12.11,,,,14.67,,
Gaia DR2 5838925648555398912,Gaia DR2 5838925648555398912,13 14 19.21,-74 59 28.62,,,,36.26,,
Gaia DR2 5870240358227856512,Gaia EDR3 5870240358227856512,13 28 47.25,-59 03 05.48,,,,25.39,,
Gaia DR2 5870255717037661056,GSC 08674-01152,13 27 02.07,-58 49 48.27,,,,30.47,10.95,
Gaia DR2 5871510259814326016,Gaia EDR3 5871510259814326016,14 03 20.36,-56 35 51.68,,,,18.91,14.48,
Gaia DR2 5960595883010703872,Gaia DR2 5960595883010703872,17 37 07.21,-41 03 07.23,,,,36.20,,
Gaia DR2 6005546637062520576,Gaia EDR3 6005546637062520576,15 11 00.12,-38 51 36.50,,,,26.37,,
Gaia DR2 6006921297180728832,Gaia EDR3 6006921301481706112,15 18 08.07,-38 24 42.27,,,,24.29,,
Gaia DR2 6008386881767536128,Gaia EDR3 6008386881767536128,15 49 37.81,-39 54 56.47,DB,,,37.80,14.41,
Gaia DR2 6027420626329470464,Gaia EDR3 6027420630669209984,16 47 51.70,-32 05 46.48,,,,36.62,,
Gaia DR2 6031098187795512832,Gaia EDR3 6031098187826083456,16 48 32.52,-30 07 06.95,,,,35.58,,
Gaia DR2 6032582558540845184,Gaia EDR3 6032582558540845184,16 53 12.46,-29 41 08.27,,,,33.20,,
Gaia DR2 6033293770770992768,Gaia EDR3 6033293770770992768,17 00 31.46,-27 41 16.84,,,,39.02,,
Gaia DR2 6034204926626486784,Gaia EDR3 6034204926630786176,16 45 41.65,-26 35 25.73,,,,28.34,,
Gaia DR2 6073379632562834688,Gaia EDR3 6073379628256168448,12 45 53.11,-55 18 56.29,,,,26.89,,
Gaia DR2 6074360637459602944,Gaia EDR3 6074360637461318528,12 35 30.64,-54 37 50.01,,,,39.79,,
Gaia DR2 6074617678345401856,Gaia EDR3 6074617682660810624,12 34 18.45,-54 15 18.23,,,,35.61,,
Gaia DR2 6093607652907433600,Gaia EDR3 6093607657211129600,13 54 23.64,-49 32 28.07,,,,35.92,,
Gaia DR2 6096072384318674304,Gaia DR2 6096072384318674304,14 10 57.05,-46 03 42.09,,,,31.88,,
Gaia DR2 6126920419987669120,Gaia DR2 6126920419987669120,12 17 27.88,-49 45 02.55,,,,34.02,,
Gaia DR2 6188345358621778816,CD-27 9236B,13 27 56.43,-28 17 16.98,,,,36.15,,
Gaia DR2 6198684135182315136,Gaia EDR3 6198684135182315136,15 01 26.19,-38 03 19.52,,,,36.15,,
Gaia DR2 6206195620664214400,Gaia EDR3 6206195620664214400,15 23 16.05,-34 12 11.36,DC,,,32.64,15.43,
Gaia DR2 6207116491713361792,Gaia EDR3 6207116496012990336,15 17 09.63,-33 39 47.22,,,,35.42,,
Gaia DR2 6247278696538150272,Gaia EDR3 6247278700840907520,16 04 30.53,-19 27 28.48,,,,30.97,,19.326
Gaia DR2 6250820395290015872,Gaia EDR3 6250820399593437696,16 04 43.19,-15 42 00.91,,,,29.95,,19.809
Gaia DR2 6318706339133188608,Gaia EDR3 6318706339133188608,15 14 21.38,-11 03 23.40,,,,21.36,,
Gaia DR2 6389551313580046464,Gaia EDR3 6389551313580046464,23 31 45.77,-66 56 08.86,DA,,,39.51,,
Gaia DR2 6479860113444922368,Gaia EDR3 6479860113444922368,21 02 22.38,-48 27 48.49,DAwk,,,38.38,15.07,
Gaia DR2 6578917727331681536,Gaia EDR3 6578917727331681536,21 26 01.94,-42 24 52.75,,,,25.58,15.96,
Gaia DR2 6673731810450381056,Gaia EDR3 6673731810450381056,20 06 10.07,-43 55 55.18,DA,,,39.43,15.69,
Gaia DR2 6702242043883732864,Gaia DR2 6702242043883732864,18 18 06.32,-51 24 40.32,,,,7.53,,
Gaia DR2 6740493675455190784,Gaia EDR3 6740493675455190784,19 44 54.80,-36 03 13.11,DA,,,29.61,14.0,
Gaia DR2 876811457445137664,Gaia EDR3 876811461741645056,08 07 07.41,29 45 12.08,,,,31.96,,17.594
Gaia DR2 947453640716099968,Gaia EDR3 947453640716099968,07 08 09.36,38 53 29.39,A2,,,25.89,9.92,10.999
LHS 2067,Gaia EDR3 5652718166073269888,08 53 57.07,-24 46 53.92,M6V,,,25.76,17.8,
RE J090217-040712,RE J090217-040712,09 02 17.30,-04 06 55.48,DA2.1,,,37.87,12.4,
WD 0027-549,Gaia EDR3 4920160332088386304,00 29 49.16,-54 41 36.25,DA,,,38.63,,
WD 0033-422,Gaia EDR3 4993117773313626496,00 36 15.39,-41 57 31.05,DA9,,,25.78,,
WD 0204-306,Gaia EDR3 5020119579868434944,02 07 02.60,-30 23 34.71,DA,,,29.25,16.18,
WD 0422-459,Gaia EDR3 4789516154317811456,04 23 57.52,-45 50 50.51,DA9.5,,,29.94,16.85,
WD 0430-391,Gaia EDR3 4864752883148064512,04 32 36.97,-39 02 02.60,DC,,,33.41,17.66,
WD 0622-801,Gaia EDR3 5210778263380292096,06 18 12.88,-80 11 49.93,DA,,,35.74,14.74,
WD 0632-285,Gaia EDR3 2895487456076198656,06 34 37.97,-28 34 25.98,DC,,,28.85,18.35,
WD 1024-382,Gaia EDR3 5441714531716273920,10 26 20.84,-38 30 43.33,DA,,,29.16,15.92,
WD 1108-408,Gaia EDR3 5389590533737965824,11 11 11.92,-41 05 34.86,DC+dM,,,30.95,13.24,
WD 1133+358,Gaia EDR3 759601941671398272,11 35 42.32,35 34 23.19,DC+M4.5Ve,,,38.59,,
WD 1242-348,Gaia EDR3 6158704208764041472,12 44 44.86,-35 07 47.69,DQ,,,22.23,14.62,
WD 1300-355,Gaia EDR3 6154946657841163392,13 03 29.00,-35 51 27.98,DQ,,,28.79,15.77,
WD 1324+458,Gaia EDR3 1550299304833675392,13 26 52.96,45 32 43.87,DA+M3V,,,30.51,12.96,
WD 1449+003,Gaia EDR3 3651079615894552448,14 52 32.27,00 10 02.77,M2.5Ve,,,34.42,,16.379
WD 1650-011,Gaia EDR3 4379328051494006784,16 52 37.73,-01 14 02.26,DA,,,30.25,,
WD 1708+437,Gaia EDR3 1355264565043431040,17 09 32.03,43 40 48.38,M3.5V,,,7.60,13.671,
WD 1841-367,Gaia EDR3 6730516225919672704,18 45 06.77,-36 41 20.77,DC,,,25.63,16.16,
WD 2003+542,Gaia EDR3 2185710338703934976,20 05 00.07,54 25 48.77,sdM1,,,16.58,13.883,
WD 2055+221,Gaia EDR3 1838855376946302720,20 57 26.24,22 21 42.40,M3V,,,14.43,12.013,
[OHD2001] WD J0205-053,[OHD2001] WD J0205-053,02 05 11.61,-05 17 54.30,DC,,,32.36,18.9,21.31
[OHD2001] WD J2214-390,[OHD2001] WD J2214-390,22 14 34.75,-38 59 07.27,DA8,,,18.15,16.14,
